0 本山町森,#9b7e9d22
1 本山町岡本,#a889852b
2 住吉台,#f04b2838
3 本山町田中,#f63e123c
4 本山町北畑,#83a2923d
5 住吉山手９丁目,#ea54355a
6 渦森台４丁目,#d848715b
7 本山町中野,#7d9f9a47
8 本山町田辺,#878da33f
9 渦森台３丁目,#c5727160
10 森北町７丁目,#539cb75f
11 渦森台１丁目,#d0745a73
12 住吉山手８丁目,#b4817c59
13 渦森台２丁目,#a381926a
14 本山町野寄,#e7612b67
15 森北町６丁目,#639caf58
16 森北町５丁目,#599bb465
17 鴨子ケ原２丁目,#7c85b158
18 甲南台,#91a08584
19 住吉山手７丁目,#558ec161
20 住吉山手６丁目,#ac83865f
21 岡本６丁目,#7e80b35f
22 鴨子ケ原３丁目,#9280a44a
23 岡本７丁目,#648eba56
24 森北町４丁目,#6fac9664
25 本山北町４丁目,#6fa99a5e
26 住吉山手５丁目,#5089c757
27 本山北町５丁目,#7caf8964
28 西岡本７丁目,#6aac9a5e
29 本山北町６丁目,#7fa98d5e
30 森北町１丁目,#81af8379
31 岡本５丁目,#7695a870
32 御影山手３丁目,#7583b769
33 岡本８丁目,#5892bc5a
34 森北町２丁目,#66ad9c97
35 森南町１丁目,#76b98069
36 御影山手６丁目,#7a7eb878
37 西岡本６丁目,#54a1b268
38 森北町３丁目,#61b09b9c
39 岡本９丁目,#449abf75
40 本山北町１丁目,#60b19b7f
41 森南町２丁目,#6fbb8379
42 住吉山手３丁目,#7991aa70
43 住吉山手４丁目,#8287ac58
44 本山北町２丁目,#72aa9776
45 森南町３丁目,#62b497a5
46 西岡本５丁目,#5c94b96f
47 本山北町３丁目,#78a6966e
48 本庄町１丁目,#64b69368
49 鴨子ケ原１丁目,#7783b66b
50 御影山手４丁目,#6e82bc60
51 本山中町１丁目,#5caaa579
52 御影山手５丁目,#5f8abf66
53 岡本１丁目,#6a99ad6b
54 岡本２丁目,#5d9ab46c
55 深江北町１丁目,#66b7906a
56 本山中町２丁目,#6da5a075
57 西岡本４丁目,#5b8cc064
58 本庄町２丁目,#6cb49075
59 岡本３丁目,#579eb365
60 本山中町３丁目,#72a49d75
61 住吉山手１丁目,#6a89ba69
62 御影山手１丁目,#7985b351
63 岡本４丁目,#489abd8d
64 本庄町３丁目,#6c99ac7a
65 本山中町４丁目,#6597b160
66 住吉山手２丁目,#907fa76f
67 深江北町２丁目,#67b4936e
68 西岡本３丁目,#5695bb66
69 本山南町６丁目,#87a18f77
70 深江本町１丁目,#77a79673
71 田中町１丁目,#61a7a56c
72 本山南町７丁目,#7896a678
73 深江北町３丁目,#71af9275
74 御影山手２丁目,#6783c062
75 田中町２丁目,#5ca4ab6e
76 西岡本１丁目,#3f92c662
77 住吉本町３丁目,#6290b957
78 深江北町４丁目,#7aa09b74
79 本山南町８丁目,#7a9ba06d
80 深江本町２丁目,#7ba7937a
81 田中町３丁目,#5ca7a875
82 深江南町１丁目,#7fa69155
83 御影郡家２丁目,#7e91a65b
84 西岡本２丁目,#5597ba65
85 御影２丁目,#5d9bb357
86 本山南町１丁目,#9f997f8b
87 本山南町９丁目,#5ca3ac80
88 深江南町２丁目,#83a09467
89 田中町４丁目,#5fa2ac82
90 本山南町２丁目,#9c9a8085
91 深江本町３丁目,#769fa077
92 住吉本町１丁目,#6b8fb54e
93 甲南町１丁目,#64aaa0a5
94 御影３丁目,#53a2b161
95 深江南町３丁目,#939e8579
96 本山南町３丁目,#93a08473
97 深江北町５丁目,#c4826092
98 甲南町２丁目,#5cb59986
99 田中町５丁目,#659cae8c
100 住吉本町２丁目,#8d909b5a
101 甲南町３丁目,#6cae9781
102 深江本町４丁目,#87af7e90
103 深江南町４丁目,#819e975a
104 北青木１丁目,#b89f4a90
105 本山南町４丁目,#64ae9b83
106 御影郡家１丁目,#76a29c59
107 甲南町４丁目,#6da69e74
108 本山南町５丁目,#69ae9980
109 北青木２丁目,#9bae6571
110 青木４丁目,#a6b8396e
111 御影１丁目,#5ab19e66
112 甲南町５丁目,#8ba18b95
113 魚崎北町５丁目,#5ebd8e82
114 深江南町５丁目,#80b47d61
115 住吉東町５丁目,#9a9786a6
116 北青木３丁目,#72c1786e
117 魚崎北町６丁目,#6cb0947f
118 住吉東町２丁目,#939e866e
119 青木５丁目,#87b96f65
120 北青木４丁目,#8fa78068
122 魚崎北町８丁目,#8ba58781
123 魚崎北町７丁目,#79ab9090
124 住吉宮町４丁目,#9b918cb9
125 住吉東町４丁目,#99948a76
126 深江浜町,#798ab02d
127 青木１丁目,#86b37949
128 魚崎北町１丁目,#6ab29384
129 御影中町８丁目,#55ca8188
130 御影中町６丁目,#5abf8d9e
131 御影石町４丁目,#51be946a
132 御影中町４丁目,#6bbd838b
133 御影中町２丁目,#83a3919e
134 住吉宮町７丁目,#8e9e8c8e
135 住吉宮町３丁目,#94968d65
136 魚崎北町２丁目,#6ca89d88
137 魚崎北町４丁目,#91979070
138 住吉宮町６丁目,#949d8766
139 青木２丁目,#85bb6d65
140 魚崎北町３丁目,#78a59797
141 青木６丁目,#8eac7982
142 御影中町１丁目,#87a58a76
143 魚崎中町１丁目,#87a18e81
144 御影中町３丁目,#89b86d8f
145 魚崎中町２丁目,#849b9874
146 住吉東町１丁目,#99a17b81
147 御影中町５丁目,#73be7cb0
148 住吉東町３丁目,#9d9b7e76
149 御影中町７丁目,#6cb390a5
150 青木３丁目,#8fb46c7b
151 魚崎中町３丁目,#7b9f9b8a
152 御影石町３丁目,#63ad9d77
153 住吉宮町２丁目,#9b968672
154 魚崎南町６丁目,#9b958896
155 魚崎中町４丁目,#8c9b9163
156 御影本町４丁目,#88b07b7a
157 住吉宮町５丁目,#929d8886
158 魚崎南町１丁目,#99a47660
159 御影本町６丁目,#84b47980
160 御影本町２丁目,#89a98468
161 魚崎南町７丁目,#80999d7e
162 御影本町８丁目,#6ebf7e82
163 住吉宮町１丁目,#a3947e7a
164 御影石町２丁目,#63c08666
165 魚崎西町４丁目,#a0997d76
166 御影塚町２丁目,#5ccf7460
167 住吉南町５丁目,#919f867b
168 魚崎南町２丁目,#84949f5c
169 魚崎南町８丁目,#679fa97b
170 魚崎南町３丁目,#69a0a75b
171 住吉南町３丁目,#a3a070a1
172 御影塚町４丁目,#53ca8171
173 魚崎西町３丁目,#7ab780a8
174 魚崎南町４丁目,#609ab260
175 魚崎浜町,#aa8b802f
176 魚崎南町５丁目,#629caf56
177 魚崎西町２丁目,#7898a579
178 住吉南町２丁目,#8da4867b
179 御影本町１丁目,#7ea49468
180 住吉南町４丁目,#90a0886d
181 御影本町３丁目,#7cae8987
182 御影本町５丁目,#7ac86489
183 御影本町７丁目,#6bce67a0
184 御影石町１丁目,#6bc6776c
185 御影塚町１丁目,#5ed66361
186 御影塚町３丁目,#5fc68170
187 住吉南町１丁目,#8da6826f
188 魚崎西町１丁目,#7798a56e
189 御影浜町,#00000000
190 住吉浜町,#00000000
191 向洋町東１丁目,#4e9eb756
192 向洋町西１丁目,#4e9eb759
193 向洋町東３丁目,#6042e233
194 向洋町西２丁目,#36cc8d3d
195 向洋町東２丁目,#6645de54
196 向洋町中１丁目,#4e95bf48
197 向洋町西３丁目,#11c89c5c
198 向洋町中５丁目,#4d87ca47
199 向洋町西５丁目,#2cc59b55
200 向洋町西４丁目,#11c89c50
201 向洋町中２丁目,#4a77d452
202 向洋町中６丁目,#35a3bc51
203 向洋町東４丁目,#4042ed2e
204 向洋町西６丁目,#11e07830
205 向洋町中３丁目,#3185d353
206 向洋町中７丁目,#2e8ece51
207 向洋町中４丁目,#2aa2bf5a
208 向洋町中８丁目,#2aa2bf5a
209 向洋町中９丁目,#00a2c442
210 六甲山町,#c978631f
211 大石,#8e98922e
212 摩耶山町,#8d999224
213 篠原,#7380bb30
214 鶴甲５丁目,#e36c2663
215 大月台,#6e6ec966
216 水車新田,#cd7a59d7
217 鶴甲４丁目,#db6f4066
218 鶴甲３丁目,#a77f9054
219 土山町,#85959d4a
220 鶴甲２丁目,#c7766a59
221 篠原台,#8b7dac54
222 鶴甲１丁目,#90899e58
223 桜ケ丘町,#53c58967
224 高羽,#49da6ca6
225 篠原伯母野山町３丁目,#6c71c965
226 六甲台町,#7f89ac3b
227 一王山町,#65b39560
228 篠原伯母野山町２丁目,#a67a9566
229 篠原伯母野山町１丁目,#8386ac65
230 長峰台１丁目,#7590ada7
231 大土平町１丁目,#9c9488b7
232 長峰台２丁目,#7f91a675
233 篠原北町３丁目,#9b72a661
234 大土平町２丁目,#b0926fd6
235 箕岡通１丁目,#68aa9e8e
236 篠原北町４丁目,#7e90a75f
237 寺口町,#6cb78b7f
238 赤松町２丁目,#82999cb9
239 篠原北町２丁目,#7f88ac88
240 高羽町２丁目,#5abd8fa7
241 赤松町１丁目,#6098b4d4
242 高羽町３丁目,#7b8faa85
243 篠原北町１丁目,#88a68890
244 赤松町３丁目,#88a28dbb
245 高羽町１丁目,#54a4afa2
246 高羽町４丁目,#758cb1d3
247 曾和町１丁目,#759da2bd
248 高羽町５丁目,#82a29399
249 曾和町２丁目,#74ac93c4
250 楠丘町１丁目,#609cb09c
251 箕岡通２丁目,#7086b8b4
252 山田町１丁目,#96978bfd
253 曾和町３丁目,#7e9c9cff
254 楠丘町２丁目,#75a39cb2
255 五毛通１丁目,#75aa95a2
256 楠丘町３丁目,#7a91a9a9
257 高尾通１丁目,#72c07ae8
258 篠原本町３丁目,#8582ad8c
259 楠丘町４丁目,#7f93a3a3
260 山田町２丁目,#93a47eea
261 篠原本町４丁目,#7a77bd96
262 宮山町１丁目,#96a37dda
263 篠原本町２丁目,#a89379b4
264 篠原本町１丁目,#9a9c81a3
265 山田町３丁目,#979a86c6
266 箕岡通３丁目,#6397b3b4
267 高尾通２丁目,#68ac9be9
268 楠丘町５丁目,#7b98a3aa
269 宮山町２丁目,#99ad6aad
270 楠丘町６丁目,#87a48b98
271 高徳町１丁目,#5ea9a5a3
272 五毛通２丁目,#66af9abe
273 八幡町１丁目,#90a87d99
274 高尾通３丁目,#7197aad3
275 篠原本町５丁目,#6a7dc3a2
276 箕岡通４丁目,#5b88c293
277 薬師通１丁目,#86a38dc4
278 高徳町２丁目,#73a29fc7
279 宮山町３丁目,#8d9e8d9b
280 八幡町２丁目,#9caa6b86
281 篠原中町１丁目,#90a285ac
282 高徳町３丁目,#778daec3
283 篠原中町３丁目,#a99e6a95
284 篠原中町５丁目,#8d84a580
285 五毛通３丁目,#919b8cd7
286 弓木町１丁目,#59bf8ecc
287 国玉通１丁目,#947ea4bc
288 薬師通２丁目,#91bb5cfd
289 高徳町４丁目,#7597a8d3
290 高尾通４丁目,#6f86baab
291 八幡町３丁目,#9dab678d
292 城の下通１丁目,#9a9a826f
293 弓木町２丁目,#74b786db
294 高徳町５丁目,#7999a3be
295 篠原中町２丁目,#9d9f79af
296 薬師通３丁目,#c18267ce
297 国玉通２丁目,#cb795cbc
298 弓木町３丁目,#6dad97d7
299 高徳町６丁目,#77a796ea
300 上野通１丁目,#807fb3d4
301 八幡町４丁目,#8da2888b
302 五毛通４丁目,#859a98fb
303 城の下通２丁目,#a69d6f72
304 弓木町４丁目,#98a27be0
305 国玉通３丁目,#bd7f70b9
306 篠原中町６丁目,#8aac7e94
307 大和町１丁目,#54c687cc
308 篠原中町４丁目,#9caf6293
309 上野通２丁目,#9f8196ff
310 篠原南町１丁目,#8e9e8bab
311 弓木町５丁目,#9aa278e7
312 大和町２丁目,#73ba82d0
313 薬師通４丁目,#b1926ecd
314 上野通３丁目,#bf8269b0
315 赤坂通１丁目,#8f7caaff
316 永手町１丁目,#a8927bc9
317 大和町３丁目,#77af8db9
318 篠原南町２丁目,#899d91b3
319 森後町１丁目,#8b9697cd
320 日尾町１丁目,#79b484ff
321 大和町４丁目,#8eae77c8
322 日尾町２丁目,#8aa08dff
323 篠原南町３丁目,#97948db8
324 畑原通１丁目,#a6917fea
325 赤坂通２丁目,#a08e89ff
326 国玉通４丁目,#c17e6bda
327 中郷町１丁目,#51aea7de
328 大和町５丁目,#8eaf75c6
329 日尾町３丁目,#91a77de9
330 上野通４丁目,#ac9176ff
331 永手町２丁目,#809c9ade
332 城の下通３丁目,#a9907c8e
333 赤坂通３丁目,#af9967db
334 篠原南町４丁目,#8eac7abc
335 中郷町２丁目,#59afa2e8
336 神前町１丁目,#82a98afc
337 上野通５丁目,#ac8385bc
338 畑原通２丁目,#b4906bff
339 森後町２丁目,#878fa1dc
340 天城通１丁目,#a88c80cb
341 深田町１丁目,#b68971d7
342 篠原南町５丁目,#7cb77d97
343 神前町２丁目,#8caa80e7
344 中郷町３丁目,#68b98cd8
345 畑原通３丁目,#bb905dc6
346 永手町３丁目,#888aa4de
347 森後町３丁目,#84a78bbb
348 赤坂通４丁目,#a79a72ff
349 徳井町１丁目,#5caaa5df
350 神前町３丁目,#908d9ac5
351 中郷町４丁目,#81b47ce7
352 天城通２丁目,#bb8e61ff
353 深田町２丁目,#70a999cc
354 上野通６丁目,#b67e7eff
355 六甲町１丁目,#76ac92b6
356 神前町４丁目,#95958ef3
357 篠原南町６丁目,#6ac080a4
358 徳井町２丁目,#49c293d8
359 赤坂通５丁目,#9f898ff5
360 永手町４丁目,#9281a3cb
361 青谷町４丁目,#be757a8f
362 上野通７丁目,#95a37ec3
363 中郷町５丁目,#83b37be5
364 天城通３丁目,#c78358bd
365 将軍通１丁目,#85a093ff
366 六甲町２丁目,#81ab88a4
367 畑原通４丁目,#bb915dff
368 篠原南町７丁目,#71c179d5
369 徳井町３丁目,#33e06dc2
370 福住通１丁目,#ad9076ff
371 上野通８丁目,#a8967591
372 将軍通２丁目,#87979aff
373 備後町１丁目,#74a799bf
374 深田町３丁目,#72a59ce4
375 中原通１丁目,#ad8780ca
376 畑原通５丁目,#a49181da
377 赤坂通６丁目,#a88a83c6
378 六甲町５丁目,#94988ccf
379 福住通２丁目,#c77a64ff
380 将軍通３丁目,#7fad88dc
381 永手町５丁目,#978c95d0
382 徳井町４丁目,#51cc81d5
383 記田町１丁目,#55c08fd6
384 福住通３丁目,#c47174d6
385 赤坂通７丁目,#a0987eb8
386 天城通４丁目,#b78277ff
387 徳井町５丁目,#52c190d3
388 六甲町４丁目,#8c9f8cab
389 記田町２丁目,#39db74c4
390 深田町４丁目,#7a99a2ca
391 将軍通４丁目,#75b587fa
392 青谷町３丁目,#b7867288
393 備後町２丁目,#4cb4a3ed
394 中原通２丁目,#a89873fa
395 神ノ木通１丁目,#81a590ff
396 天城通５丁目,#9d9288ff
397 稗原町１丁目,#8c9a91e1
398 赤坂通８丁目,#b09a639e
399 神ノ木通２丁目,#8a909dfa
400 記田町３丁目,#38e267ae
401 天城通６丁目,#8e9298df
402 備後町３丁目,#52aba9eb
403 神ノ木通３丁目,#859b97bd
404 水道筋１丁目,#5ecf72bf
405 福住通４丁目,#ae8086ff
406 倉石通１丁目,#83b47aff
407 桜口町１丁目,#5aa6aaed
408 備後町５丁目,#76c077cc
409 記田町４丁目,#42d180c4
410 中原通３丁目,#a89874ff
411 福住通５丁目,#919592ff
412 六甲町３丁目,#789ba1c3
413 神ノ木通４丁目,#80a98cd8
414 稗原町２丁目,#91ae73de
415 天城通７丁目,#968899db
416 桜口町２丁目,#4faca9f0
417 倉石通２丁目,#7cc16eff
418 水道筋２丁目,#62c481e6
419 記田町５丁目,#5db994c4
420 青谷町２丁目,#b196687d
421 福住通６丁目,#899e90da
422 岸地通１丁目,#48dd67dc
423 備後町４丁目,#53cd7dff
424 桜口町３丁目,#41cf85e3
425 中原通４丁目,#a09a7cff
426 千旦通１丁目,#80af86d9
427 中原通５丁目,#8691a0ff
428 琵琶町１丁目,#ae8483ab
429 友田町１丁目,#6ca2a3bc
430 天城通８丁目,#9a9589df
431 倉石通３丁目,#99ad6aff
432 水道筋３丁目,#67ce6cc1
433 稗原町３丁目,#86b17cff
434 福住通７丁目,#989b84cc
435 千旦通２丁目,#a0a867ff
436 大内通１丁目,#66d068da
437 桜口町４丁目,#59cd79e4
438 友田町２丁目,#63a8a2c4
439 倉石通４丁目,#89b770ff
440 千旦通３丁目,#96a875e3
441 中原通６丁目,#8fa484d8
442 稗原町４丁目,#90b962fd
443 琵琶町２丁目,#a5a367ae
444 岸地通２丁目,#56d768e3
445 水道筋４丁目,#9bb45aff
446 大内通２丁目,#6bce68c0
447 青谷町１丁目,#a8917b81
448 桜口町５丁目,#64d06ae4
449 福住通８丁目,#a39183e7
450 千旦通４丁目,#95a976d9
451 友田町３丁目,#47d37bc3
452 倉石通５丁目,#9a9687ff
453 水道筋５丁目,#86b17bd9
454 上河原通１丁目,#ad9570f9
455 中原通７丁目,#949b89bd
456 倉石通６丁目,#99a17cff
457 琵琶町３丁目,#9fab64b0
458 王子町２丁目,#87949c6f
459 友田町４丁目,#48d37ac0
460 上河原通２丁目,#aea553ff
461 岸地通３丁目,#81bb73f7
462 上河原通３丁目,#b49662e6
463 泉通１丁目,#6cc872fa
464 岸地通４丁目,#92ae73bd
465 水道筋６丁目,#8e9793ad
466 友田町５丁目,#6fce63ce
467 下河原通１丁目,#9ec034ff
468 大内通３丁目,#77c172ff
469 泉通２丁目,#74c86ae9
470 王子町３丁目,#9d7c9d65
471 下河原通２丁目,#b89064ed
472 浜田町２丁目,#70a39fc2
473 上河原通４丁目,#b69a57ea
474 烏帽子町１丁目,#b28f70cc
475 大内通４丁目,#87b870ff
476 下河原通３丁目,#aaa45dc0
477 浜田町３丁目,#86a789cf
478 灘北通１丁目,#99ab6ed4
479 泉通３丁目,#80be6dff
480 烏帽子町２丁目,#bc9d43ca
481 岸地通５丁目,#939f86ff
482 大内通５丁目,#90b36ce1
483 灘北通２丁目,#9fab65d2
484 新在家北町１丁目,#78b387c5
485 下河原通４丁目,#9faa67db
486 王子町１丁目,#909395b5
487 泉通４丁目,#8db56dff
488 烏帽子町３丁目,#adb431d3
489 下河原通５丁目,#a1b451d3
490 灘北通３丁目,#98a874f2
491 新在家北町２丁目,#9aa279c0
492 泉通５丁目,#8bc74dcd
493 灘南通１丁目,#9ab161a3
494 大内通６丁目,#8eac7aff
495 鹿ノ下通１丁目,#b89f4ad4
496 灘北通４丁目,#a0a66be6
497 城内通１丁目,#b3a055a0
498 大石東町１丁目,#b29c5dba
499 浜田町１丁目,#63b8919f
500 浜田町４丁目,#92ac76a7
501 灘北通５丁目,#76d54abb
502 鹿ノ下通２丁目,#9abd4ade
503 灘南通２丁目,#a8a85ac2
504 大石東町２丁目,#c0954bb3
505 泉通６丁目,#81ca54ff
506 新在家南町１丁目,#a0a8676d
507 灘南通３丁目,#98af68b3
508 城内通２丁目,#c38c53b3
509 鹿ノ下通３丁目,#8fc251b9
510 大石東町３丁目,#aaae49ad
511 灘南通４丁目,#8fa187a7
512 大石東町４丁目,#b1a353aa
513 灘北通６丁目,#6fd455ff
514 城内通４丁目,#7ca9909e
515 灘南通５丁目,#74c37386
516 原田通１丁目,#8e8e9bd7
517 船寺通１丁目,#7ad14e93
518 原田通３丁目,#af7a8a95
519 大石東町５丁目,#82c759a3
520 灘北通７丁目,#a4b546f9
521 城内通３丁目,#c79634ff
522 大石東町６丁目,#82c55f82
523 船寺通２丁目,#a7a95ab5
524 灘南通６丁目,#64d364af
525 新在家南町２丁目,#c19744a1
526 城内通５丁目,#5cb49abb
527 船寺通３丁目,#91be56bd
528 灘北通８丁目,#a3b741b9
529 灘浜東町,#91b36b2e
530 新在家南町３丁目,#9fb05b67
531 岩屋北町１丁目,#6bd2608f
532 船寺通４丁目,#5ece74a8
533 原田通２丁目,#ab7d8dc8
534 灘北通９丁目,#91b666dd
535 岩屋北町２丁目,#a4b64493
536 船寺通５丁目,#5ece73d6
537 大石北町,#80d14486
538 岩屋北町３丁目,#a3b646a3
539 灘北通１０丁目,#4bbf95d8
540 新在家南町４丁目,#71d05c75
541 都通１丁目,#58d864b8
542 船寺通６丁目,#59cc7cff
543 都通２丁目,#4ddd63b9
544 岩屋北町６丁目,#76cb63af
545 都通３丁目,#55d077ac
546 新在家南町５丁目,#70d55372
547 都通５丁目,#6ca0a6c0
548 岩屋北町７丁目,#56cb7fad
549 大石南町１丁目,#7ad64185
550 大石南町２丁目,#8cb66c8b
551 都通４丁目,#67af99dc
552 岩屋北町４丁目,#6ccd689f
553 大石南町３丁目,#74bc7da2
554 岩屋中町１丁目,#7fa98ca6
555 味泥町,#aba7575e
556 岩屋中町２丁目,#7ec465a0
557 岩屋北町５丁目,#62d464d6
558 岩屋中町３丁目,#75cc60d8
559 岩屋中町４丁目,#6ad5589a
560 岩屋南町,#aba85478
561 岩屋中町５丁目,#60db56e7
562 摩耶海岸通２丁目,#8b9a9259
563 灘浜町,#ca8d3e4e
565 摩耶海岸通１丁目,#8b9a925e
566 摩耶埠頭,#00000000
567 平野町,#cd7c5529
568 烏原町,#ed4a3628
569 里山町,#e3534e45
570 天王町４丁目,#f31b46ba
571 天王町１丁目,#eb305676
572 楠谷町,#ba8f6263
573 梅元町,#c67a667e
574 天王町３丁目,#e30872d6
575 五宮町,#b68d6c70
576 上祇園町,#bb8c6598
577 千鳥町１丁目,#f0501ac5
578 上三条町,#d47e3da1
579 山王町２丁目,#ef5419c5
580 天王町２丁目,#f32343ff
581 山王町１丁目,#ef4f24de
582 千鳥町３丁目,#eb4c3d8e
583 湊山町,#e563327e
584 千鳥町２丁目,#e6632ce5
585 矢部町,#b78d6980
586 都由乃町１丁目,#f0550aec
587 神田町,#be87667a
588 都由乃町２丁目,#e65b3cff
589 下祇園町,#be88656a
590 千鳥町４丁目,#e54e4fec
591 石井町５丁目,#eb6016ff
592 下三条町,#cd814d78
593 石井町６丁目,#db733aff
594 都由乃町３丁目,#e65443ff
595 雪御所町,#d8724581
596 氷室町１丁目,#e857388a
597 鵯越筋,#f43e244e
598 石井町７丁目,#e34e54ff
599 石井町１丁目,#e95833ff
600 石井町２丁目,#d86558ff
601 石井町３丁目,#d75c64ff
602 北山町,#ec4f329b
603 馬場町,#c4825f87
604 石井町８丁目,#e25e46ff
605 石井町４丁目,#db6352ff
606 大同町２丁目,#e64c4ed4
607 大同町１丁目,#eb4542ea
608 大同町３丁目,#d75768de
609 大同町４丁目,#de4f5eff
610 大同町５丁目,#cf6868ff
611 氷室町２丁目,#e6574096
612 荒田町３丁目,#e4643551
613 熊野町２丁目,#df604cc3
614 熊野町１丁目,#cc7e55ff
615 菊水町１丁目,#de6547f1
616 菊水町２丁目,#e5504dd8
617 菊水町３丁目,#df5954ae
618 清水町,#e65d36a2
619 菊水町４丁目,#d57052f1
620 夢野町１丁目,#db733aff
621 熊野町３丁目,#e26140a1
622 滝山町,#f14d1c74
623 熊野町４丁目,#e35e40a5
624 夢野町２丁目,#d6704eca
625 菊水町５丁目,#dc674bda
626 湊川町１丁目,#e75e30d7
627 東山町１丁目,#d66b5598
628 熊野町５丁目,#e4672e85
629 荒田町４丁目,#ec51317e
630 小山町,#e07228b7
631 湊川町２丁目,#df6445c0
632 菊水町６丁目,#d36a5ff8
633 湊川町３丁目,#d17a4db2
634 夢野町３丁目,#dd634fc8
635 湊川町４丁目,#c17e6bcc
636 菊水町７丁目,#e64f4cff
637 湊川町５丁目,#be6b82c5
638 夢野町４丁目,#e1683ad6
639 湊川町６丁目,#c86379a0
640 菊水町８丁目,#e46237ff
641 荒田町２丁目,#e75a3967
642 鵯越町,#f3481575
643 東山町４丁目,#d4744f85
644 湊川町７丁目,#e55c3fc8
645 東山町２丁目,#c77768bd
646 菊水町９丁目,#f14e179a
647 湊川町８丁目,#dd6846ad
648 菊水町１０丁目,#e95f275f
649 荒田町１丁目,#d6665b65
650 湊川町９丁目,#e562318f
651 西上橘通１丁目,#919295c9
652 東山町３丁目,#c0866383
653 西上橘通２丁目,#997ba1dc
654 湊川町１０丁目,#e4653463
655 会下山町１丁目,#a59e6f7a
656 福原町,#b567926e
657 西橘通１丁目,#86989ae9
658 松本通１丁目,#ac9374c5
659 西橘通２丁目,#8d80a9ff
660 会下山町２丁目,#8aa28b76
661 西多聞通１丁目,#7d9e9bd6
662 大井通１丁目,#a6a95cff
663 上沢通１丁目,#a77d91bf
664 松本通２丁目,#7bd14de3
665 新開地１丁目,#a7709b9c
666 西多聞通２丁目,#9178abeb
667 大井通２丁目,#95b16aff
668 松本通３丁目,#6fbb83d6
669 会下山町３丁目,#a491825c
670 下沢通１丁目,#ab7990c0
671 上沢通２丁目,#75b783e4
672 新開地３丁目,#75ac9195
673 大井通３丁目,#73bb80ff
674 新開地２丁目,#a17e97ca
675 松本通４丁目,#67b790d2
676 上沢通３丁目,#79a795ce
677 下沢通２丁目,#7c9aa0c2
678 中道通１丁目,#9182a3b6
679 新開地４丁目,#5cc780b2
680 松本通５丁目,#71a79bef
681 上沢通４丁目,#68af98cc
682 水木通１丁目,#929c899d
683 下沢通３丁目,#7899a4c0
684 新開地５丁目,#70bb82ca
685 中道通２丁目,#7291afd7
686 上沢通５丁目,#64b396cc
687 大開通１丁目,#86b674ff
688 松本通６丁目,#74a29ef3
689 下沢通４丁目,#6c9fa6c2
690 湊町４丁目,#72b984b6
691 新開地６丁目,#86ae80e4
692 湊町３丁目,#65b593b3
693 中道通３丁目,#7499a6d2
694 水木通２丁目,#6bb490cd
695 湊町２丁目,#7aa793a1
696 上沢通６丁目,#61b990ca
697 湊町１丁目,#9da07876
698 松本通７丁目,#94a181ff
699 下沢通５丁目,#6daa9ac6
700 中道通４丁目,#67aa9ed5
701 大開通２丁目,#6eba86b6
702 水木通３丁目,#72af91cb
703 西出町２丁目,#afa25989
704 上沢通７丁目,#83bf69ca
705 永沢町４丁目,#6bbf8199
706 下沢通６丁目,#6bb78cc6
707 松本通８丁目,#ab8685e8
708 中道通５丁目,#72aa97ff
709 永沢町３丁目,#6cb193a0
710 東出町３丁目,#c48d4f92
711 水木通４丁目,#61af9ccf
712 佐比江町,#b39665aa
713 大開通３丁目,#70c671e5
714 塚本通１丁目,#7abf74ff
715 西出町,#a5967ad3
716 上沢通８丁目,#ba9756be
717 永沢町２丁目,#74aa96a5
718 中道通６丁目,#65b98fb6
719 下沢通７丁目,#6ec37ac7
720 東出町２丁目,#d483337d
721 大開通４丁目,#6dc17ddb
722 水木通５丁目,#61af9dce
723 塚本通２丁目,#75bf77eb
724 下沢通８丁目,#94b367ae
725 東出町１丁目,#c79e0074
726 大開通５丁目,#65be88c4
727 兵庫町１丁目,#95958ea1
728 中道通７丁目,#6ebd82d3
729 水木通６丁目,#76a995ce
730 塚本通３丁目,#75b488d8
731 西出町１丁目,#c17c6c87
732 三川口町２丁目,#6ba2a4b2
733 兵庫町２丁目,#7a9e9ea4
734 大開通６丁目,#6caf95b0
735 中道通８丁目,#7bc16fd4
736 塚本通４丁目,#71ad94c1
737 水木通７丁目,#73b489ce
738 羽坂通１丁目,#75ab93ff
739 七宮町２丁目,#7a8caeb8
740 三川口町１丁目,#63ab9fa3
741 七宮町１丁目,#8c919b8a
742 三川口町３丁目,#6b95b0a5
743 中道通９丁目,#82b778b0
744 本町１丁目,#5b8cc096
745 水木通８丁目,#76ba7fcd
746 塚本通５丁目,#90a086ac
747 大開通７丁目,#75b488ca
748 羽坂通２丁目,#76a994ce
749 門口町,#52a2b297
750 本町２丁目,#4583cea9
751 水木通９丁目,#60b597ca
752 大開通８丁目,#78b583b7
753 西仲町,#479fbabf
754 羽坂通３丁目,#9f9782b7
755 西柳原町,#69a3a48a
756 塚本通６丁目,#91aa79c5
758 西宮内町,#50ada8ba
759 水木通１０丁目,#ab8783cb
760 鍛冶屋町２丁目,#86959cff
761 鍛冶屋町１丁目,#889c94e4
762 塚本通７丁目,#9daa69c6
763 大開通９丁目,#61b497f1
764 羽坂通４丁目,#a49878bd
765 駅南通５丁目,#a2967e5b
766 東柳原町,#4eaea89e
767 島上町１丁目,#cb7760b5
768 大開通１０丁目,#a78b84d1
769 浜崎通,#72a69b85
770 島上町２丁目,#b87e7ad3
771 塚本通８丁目,#78ab90ff
772 北逆瀬川町,#46b1a8ab
773 駅前通１丁目,#cd775dd8
774 神明町,#329dc2f5
775 駅前通３丁目,#b67982cf
776 駅前通２丁目,#c7736daf
777 南仲町,#3e87cee9
778 駅前通５丁目,#c76e72be
779 磯之町,#5d8bbff0
780 築地町,#e56f003e
781 駅前通４丁目,#c6717183
782 船大工町,#4f4fe4ff
783 中之島１丁目,#7a61c96b
784 入江通１丁目,#78bf75d8
785 入江通３丁目,#7abd76f6
786 入江通２丁目,#6fc771e5
787 駅南通１丁目,#81ba74c5
788 南逆瀬川町,#81b27fd8
789 切戸町,#82a78d7c
790 中之島２丁目,#3cf32e6b
791 小河通５丁目,#86bc69d7
792 駅南通２丁目,#9ab162c5
793 小河通４丁目,#8db370ff
794 小河通３丁目,#69c47be9
795 小河通２丁目,#6cbd83e3
796 小河通１丁目,#6eb092e9
797 須佐野通４丁目,#aea750b1
798 須佐野通３丁目,#b3a150ff
799 駅南通３丁目,#7ec564ab
800 須佐野通２丁目,#91b962ea
801 須佐野通１丁目,#5bbf8dff
802 松原通４丁目,#77d34dab
803 松原通１丁目,#74b8848f
804 松原通５丁目,#8bc64ed5
805 松原通３丁目,#baa535ff
806 松原通２丁目,#87d522ee
807 出在家町１丁目,#58ee0fb8
808 駅南通４丁目,#b79a57e6
809 芦原通６丁目,#6ed65196
810 出在家町２丁目,#5bec1795
811 芦原通５丁目,#8dc64ace
812 芦原通１丁目,#89b27798
813 芦原通４丁目,#abb436c3
814 芦原通３丁目,#afaf39e7
815 芦原通２丁目,#85d42fd3
816 御所通２丁目,#91d00b64
817 今出在家町４丁目,#5d78ccc7
818 明和通３丁目,#75d44ec3
819 今出在家町１丁目,#6ae61992
820 御崎本町１丁目,#b6589a9f
821 今出在家町２丁目,#56e24ee0
822 明和通２丁目,#60df4c97
823 明和通１丁目,#5be832b3
824 今出在家町３丁目,#4daea997
825 御所通１丁目,#89cb459b
826 御崎本町４丁目,#c65687a8
827 和田崎町１丁目,#659faa32
828 和田宮通２丁目,#5aa8a87a
829 御崎本町２丁目,#c45c85a9
830 和田崎町２丁目,#b9a23fff
831 和田山通１丁目,#8dca3e7b
832 和田崎町３丁目,#84b37af6
833 上庄通１丁目,#789da0a4
834 御崎本町３丁目,#ce537bad
835 三石通１丁目,#7da593ff
836 材木町,#e9641390
837 和田山通２丁目,#dc7f0057
838 御崎町１丁目,#e6681e54
839 三石通２丁目,#b6a541ff
840 三石通３丁目,#b2a54aeb
841 和田宮通３丁目,#bf7a73a6
842 浜山通１丁目,#f4450dff
843 上庄通２丁目,#9ead63e8
844 小松通２丁目,#ee561df0
845 笠松通５丁目,#bc8170f7
846 上庄通３丁目,#7eb57eff
847 御崎町２丁目,#d1833c88
848 浜山通２丁目,#ef531be3
849 和田宮通４丁目,#ca5f7aff
850 浜中町１丁目,#db7c207f
851 笠松通６丁目,#d26664f2
852 和田宮通５丁目,#c2588bd8
853 小松通３丁目,#ea5a2cff
854 浜中町２丁目,#d086397e
855 浜山通３丁目,#ea5e20ff
856 笠松通７丁目,#ca6277ff
857 小松通４丁目,#da5265ff
858 和田宮通６丁目,#df3d6bf0
859 浜山通４丁目,#d77644ff
860 吉田町１丁目,#a5967b62
861 笠松通８丁目,#df4268f4
862 吉田町２丁目,#d7783f6e
863 小松通５丁目,#e6345fff
864 金平町１丁目,#ce8a3592
865 浜山通５丁目,#df6c39ff
866 和田宮通７丁目,#00000000
867 金平町２丁目,#d4813998
868 笠松通９丁目,#918b9bf5
869 高松町,#d87d2e6c
870 小松通６丁目,#428bcbd8
871 和田宮通８丁目,#00000000
872 浜山通６丁目,#87959bd5
873 笠松通１０丁目,#00000000
874 吉田町３丁目,#b29863aa
875 遠矢町２丁目,#368bcea0
876 遠矢浜町,#85979b4e
877 遠矢町１丁目,#00000000
878 雲雀ヶ丘１丁目,#dd496657
879 雲雀ヶ丘２丁目,#d262686e
880 鴬町４丁目,#e44857a0
881 鴬町３丁目,#df4266b0
882 雲雀ヶ丘３丁目,#b475875d
883 鴬町２丁目,#da3b74af
884 大日丘町２丁目,#e63e597c
885 源平町,#ed3e444c
886 鴬町１丁目,#e9464cb4
887 萩乃町３丁目,#c653888d
888 大日丘町３丁目,#df4c5f75
889 桧川町３丁目,#e62c63ba
890 萩乃町２丁目,#b9539a9b
891 大日丘町１丁目,#e6415681
892 桧川町２丁目,#ee3e3f94
893 一里山町,#b66b8d3e
894 滝谷町２丁目,#db536271
895 滝谷町３丁目,#f5382684
896 桧川町１丁目,#e83e5592
897 萩乃町１丁目,#e23f61b7
898 西丸山町２丁目,#e0466295
899 西丸山町３丁目,#bf3c9c8c
900 鹿松町１丁目,#c44b8fa7
901 東丸山町,#e43b5f70
902 西丸山町１丁目,#d4437baf
903 花山町１丁目,#bc479b85
904 花山町２丁目,#d04a7f79
905 滝谷町１丁目,#dc4f6479
906 鹿松町２丁目,#a67a9587
907 長田天神町７丁目,#ee3c41d6
908 丸山町４丁目,#d64c72a2
909 丸山町３丁目,#d331868c
910 長田天神町６丁目,#e3455b92
911 丸山町２丁目,#d73c79b7
912 鹿松町３丁目,#c6716f91
913 長田天神町３丁目,#d46166bf
914 明泉寺町３丁目,#f236397c
915 高東町３丁目,#dd486692
916 長田天神町４丁目,#e14c5baf
917 房王寺町７丁目,#f8360cb0
918 長田天神町５丁目,#e4465798
919 房王寺町６丁目,#ed512eb5
920 長田天神町２丁目,#ed404395
921 高東町１丁目,#e6445497
922 高東町２丁目,#f03c3bb6
923 丸山町１丁目,#ea3b518f
924 長者町,#e8454f3f
925 長田天神町１丁目,#ed443d8e
926 堀切町,#e057537b
927 明泉寺町２丁目,#db5f5892
928 名倉町５丁目,#e35052c9
929 房王寺町５丁目,#e94b45a1
930 房王寺町４丁目,#e3505397
931 池田宮町,#df55584b
932 大丸町３丁目,#cc6a6baf
933 明泉寺町１丁目,#c86c719a
934 重池町２丁目,#ec542b8c
935 名倉町４丁目,#e05357e9
936 房王寺町３丁目,#e9583688
937 名倉町３丁目,#b86b8bff
938 林山町,#d65a675f
939 房王寺町２丁目,#cf735d92
940 大丸町２丁目,#c670728a
941 片山町５丁目,#ad739293
942 名倉町２丁目,#ad7b8cc5
943 名倉町１丁目,#a78887f2
944 重池町１丁目,#be856896
945 高取山町,#e2584c41
946 大丸町１丁目,#b87483a0
947 西山町４丁目,#c8667759
948 大塚町９丁目,#b67d7eff
949 片山町３丁目,#8e80a88e
950 房王寺町１丁目,#d5724ec0
951 長田町９丁目,#e45945ff
952 前原町２丁目,#a38291ac
953 宮川町９丁目,#bc7e74f0
954 片山町４丁目,#8e88a1c0
955 寺池町３丁目,#8f80a7ff
956 大塚町８丁目,#b27b85ff
957 前原町１丁目,#b27e837d
958 長田町８丁目,#e26041ff
959 西山町３丁目,#cb6b6ea2
960 宮川町８丁目,#d5655fff
961 寺池町２丁目,#8980acab
962 大塚町７丁目,#c95880ff
963 七番町,#949a8aff
964 長田町７丁目,#d25b6eff
965 片山町２丁目,#877daf90
966 宮川町７丁目,#c86479ff
967 大塚町６丁目,#7294acff
968 六番町１丁目,#d97047ff
969 長田町６丁目,#948a9aff
970 六番町２丁目,#b98670cd
971 寺池町１丁目,#94869d7d
972 宮川町６丁目,#af7f86ff
973 大塚町５丁目,#769f9fff
974 宮丘町１丁目,#ce666d92
975 長田町５丁目,#87929eff
976 五番町１丁目,#c49148f3
977 宮川町５丁目,#9a71a8ff
978 片山町１丁目,#93889c7e
979 大塚町４丁目,#759fa0fd
980 五番町２丁目,#d17554d6
981 六番町３丁目,#b0867dd3
982 西山町２丁目,#aa79918c
983 長田町４丁目,#7d89addc
984 四番町１丁目,#b79e4fda
985 宮丘町２丁目,#cf6968b6
986 上池田６丁目,#c5667ca9
987 宮川町４丁目,#a77e91c3
988 高取山町１丁目,#cc66706c
989 五番町３丁目,#d86f4ac6
990 四番町２丁目,#d3764fc2
991 上池田５丁目,#b46c8ead
992 高取山町２丁目,#d8605e64
993 大塚町３丁目,#8c9a92ff
994 六番町４丁目,#af778cff
995 長田町３丁目,#8d7fa9d3
996 大塚町２丁目,#a78d81ff
997 四番町３丁目,#d36464b0
998 上池田３丁目,#b67b8168
999 五番町４丁目,#db6b48f0
1000 六番町５丁目,#c17377f2
1001 大塚町１丁目,#ab9474a7
1002 西山町１丁目,#b88177bc
1003 長田町２丁目,#b19667ea
1004 宮川町３丁目,#b57f7eff
1005 池田谷町,#c07774aa
1006 上池田４丁目,#ba708593
1007 三番町１丁目,#c18265ff
1008 五番町５丁目,#da6554de
1009 四番町４丁目,#d36a5fd6
1010 三番町２丁目,#da6652be
1011 六番町６丁目,#aa7892ff
1012 長田町１丁目,#ac8b7dd1
1013 池田広町,#aa967291
1014 四番町５丁目,#d36069d1
1015 五番町６丁目,#bd618bfd
1016 宮川町１丁目,#af887dbc
1017 宮川町２丁目,#c57a68ed
1018 六番町７丁目,#a18b8cff
1019 上池田１丁目,#b97c7990
1020 池田寺町,#ca7663ce
1021 長尾町２丁目,#c46f7667
1022 二番町１丁目,#bf707db9
1023 三番町３丁目,#de614bd7
1024 五番町７丁目,#9579a6f4
1025 長尾町１丁目,#b77c7e80
1026 池田経町,#bf7c717c
1027 六番町８丁目,#ba8074ff
1028 四番町６丁目,#98809ee4
1029 六番町５丁目,#836cbdff
1030 三番町４丁目,#d75b65d2
1031 五番町８丁目,#876fb896
1032 二番町２丁目,#bd717fff
1033 一番町１丁目,#b57b81ff
1034 四番町７丁目,#7498a7ff
1035 上池田２丁目,#be866795
1036 三番町５丁目,#948d97f4
1037 池田上町,#b78d69ce
1038 大谷町２丁目,#aa808c6a
1039 蓮宮通１丁目,#ad7492ff
1040 池田新町,#e1594dff
1041 二番町３丁目,#9b5eb3ff
1042 四番町８丁目,#5698b9ff
1043 蓮宮通２丁目,#b08a7ae5
1044 一番町２丁目,#ac8e7ae4
1045 北町１丁目,#628fbaab
1046 池田上町,#c4816187
1047 蓮宮通３丁目,#a88d80e7
1048 一番町３丁目,#7c98a1e3
1049 二番町４丁目,#639eade9
1050 北町２丁目,#8d9299a9
1051 御蔵通１丁目,#b27f81eb
1052 池田塩町,#a8aa56ff
1053 御船通１丁目,#98a37bff
1054 蓮宮通４丁目,#b57e7ec8
1055 大谷町３丁目,#b2877a63
1056 平和台町２丁目,#ce775981
1057 御船通２丁目,#929e87ff
1058 一番町４丁目,#769f9ee6
1059 御蔵通２丁目,#969b86e5
1060 北町３丁目,#8a909e99
1061 菅原通１丁目,#b78278b3
1062 大道通１丁目,#ab8f7abe
1063 蓮宮通６丁目,#c77b638f
1064 御船通３丁目,#ae8f77fa
1065 平和台町１丁目,#be7e6fb4
1066 五位ノ池町２丁目,#a8828b91
1067 一番町５丁目,#6e9ca8f8
1068 蓮宮通５丁目,#ad7591ff
1069 御蔵通３丁目,#ac8c7bee
1070 菅原通２丁目,#a1997bb2
1071 御船通４丁目,#c7716fe6
1072 平和台町３丁目,#c18069ca
1073 大道通２丁目,#c38958e1
1074 五位ノ池町４丁目,#ac8b7ebc
1075 御蔵通５丁目,#ae7f87af
1076 御蔵通４丁目,#b99160db
1077 御船通５丁目,#c77965ff
1078 菅原通３丁目,#ab9375c2
1079 大道通３丁目,#cb8153d9
1080 蓮池町,#95a27f79
1081 川西通１丁目,#9780a0fe
1082 梅ヶ香町１丁目,#bc8e5f7b
1083 川西通２丁目,#e86127c2
1084 御蔵通６丁目,#aa9b6bc4
1085 五位ノ池町３丁目,#ce7c5289
1086 菅原通４丁目,#b6985cbc
1087 大道通４丁目,#cd8c39ff
1088 御蔵通７丁目,#928d99c3
1089 五位ノ池町１丁目,#ac8583bf
1090 庄山町４丁目,#d5724eff
1091 川西通３丁目,#e2740ec0
1092 細田町１丁目,#ba797bb7
1093 菅原通５丁目,#bb8d62c0
1094 川西通４丁目,#c3983cbe
1095 大谷町１丁目,#9a978697
1096 庄山町３丁目,#c07973ff
1097 大道通５丁目,#5bd26eff
1098 菅原通６丁目,#afa05bc9
1099 細田町２丁目,#b0a552e3
1100 梅ヶ香町２丁目,#cf81477c
1101 川西通５丁目,#5ad072be
1102 菅原通７丁目,#cc8d3997
1103 東尻池町１丁目,#cd8b3a84
1104 御屋敷通１丁目,#65cb74eb
1105 庄山町２丁目,#c36f78e0
1106 山下町１丁目,#a18c8aba
1107 山下町４丁目,#b57f7dc6
1108 山下町２丁目,#93978eff
1109 山下町３丁目,#9c9784f7
1110 庄山町１丁目,#c36d7aca
1111 細田町３丁目,#79c962ed
1112 神楽町１丁目,#c99139a9
1113 御屋敷通２丁目,#71b886ee
1114 水笠通１丁目,#73ae92aa
1115 細田町４丁目,#73cb64eb
1116 東尻池町２丁目,#d479467f
1117 真野町,#dc6c4385
1118 神楽町２丁目,#c69d20b2
1119 御屋敷通３丁目,#8ca981a7
1120 西代通１丁目,#9a9589d0
1121 戸崎通２丁目,#b48479bd
1122 戸崎通１丁目,#ae8680ff
1123 戸崎通３丁目,#a2957eab
1124 細田町５丁目,#8abf5ff3
1125 西代通２丁目,#8a8f9fdd
1126 神楽町３丁目,#bea132b2
1127 東尻池町３丁目,#e7661e93
1128 水笠通２丁目,#7da692dd
1129 細田町６丁目,#9f9f77f0
1130 西代通３丁目,#90a186d3
1131 西尻池町１丁目,#cc942398
1132 神楽町４丁目,#cc922aba
1133 御屋敷通４丁目,#8291a3fc
1134 水笠通３丁目,#7ba496de
1135 東尻池新町,#ef561577
1136 苅藻通１丁目,#df712ea9
1137 細田町７丁目,#85ad82ec
1138 西代通４丁目,#8ca881da
1139 神楽町５丁目,#b49e55bf
1140 東尻池町４丁目,#ef561194
1141 御屋敷通５丁目,#8ea187f4
1142 水笠通４丁目,#63b98fec
1143 西尻池町２丁目,#d97f299b
1144 松野通１丁目,#a6a85f9b
1145 神楽町６丁目,#a6aa5bc0
1146 若松町１丁目,#c2a311d7
1147 御屋敷通６丁目,#88af7dfb
1148 水笠通５丁目,#78bb7de5
1149 浜添通１丁目,#eb5926e3
1150 苅藻通２丁目,#d48237a7
1151 松野通２丁目,#8cbb64a9
1152 東尻池町５丁目,#e9650c9e
1153 若松町２丁目,#aab23ecc
1154 水笠通６丁目,#7bc070ea
1155 松野通３丁目,#c09748a5
1156 大橋町１丁目,#de7d00e7
1157 若松町３丁目,#a6b249c3
1158 西尻池町３丁目,#da7a30e3
1159 浜添通２丁目,#e4672ae3
1160 松野通４丁目,#acad47a8
1161 大橋町２丁目,#b4a644f2
1162 東尻池町６丁目,#e37018a9
1163 苅藻通３丁目,#e06938ae
1164 若松町４丁目,#b4a840be
1165 西尻池町４丁目,#e85b35f0
1166 腕塚町１丁目,#e27500f6
1167 大橋町３丁目,#b59f50ed
1168 若松町５丁目,#a3b549c4
1169 浜添通３丁目,#e16d2ee1
1170 腕塚町２丁目,#d3774ce9
1171 久保町１丁目,#f24e04ff
1172 西尻池町５丁目,#e35f3fcd
1173 苅藻通４丁目,#dd6f3cad
1174 日吉町１丁目,#c19c36ff
1175 東尻池町７丁目,#e6681ac3
1176 大橋町４丁目,#cd8645f6
1177 腕塚町３丁目,#c58659e2
1178 二葉町１丁目,#ed5621bd
1179 久保町２丁目,#d67546f7
1180 日吉町２丁目,#c09f30ff
1181 若松町６丁目,#de6b3ef4
1182 浜添通４丁目,#e7602ede
1183 大橋町５丁目,#e8602af7
1184 腕塚町４丁目,#c57b68ef
1185 苅藻通５丁目,#e85936ae
1186 日吉町３丁目,#e17124ea
1187 久保町３丁目,#ca854ee8
1188 若松町７丁目,#d6851fea
1189 庄田町１丁目,#e45847c9
1190 東尻池町８丁目,#ef3743fc
1191 二葉町２丁目,#cc7a5ae1
1192 大橋町６丁目,#f04c25fd
1193 腕塚町５丁目,#cc8b3de2
1194 日吉町４丁目,#b0ac41dc
1195 浜添通５丁目,#f13d34e4
1196 久保町４丁目,#cb8252f6
1197 若松町８丁目,#d08d27e8
1198 二葉町３丁目,#ca7f57d1
1199 大橋町７丁目,#db7a2af1
1200 苅藻通６丁目,#f4411fb6
1201 腕塚町６丁目,#d27f41f0
1202 庄田町２丁目,#cb795ef2
1203 駒栄町１丁目,#ea5236d0
1204 久保町５丁目,#c6943de7
1205 日吉町５丁目,#8db56deb
1206 東尻池町９丁目,#d8307cb4
1207 若松町９丁目,#acb13ddb
1208 二葉町４丁目,#cb7d58de
1209 大橋町８丁目,#bf9847f0
1210 浜添通６丁目,#e73a58d6
1212 腕塚町７丁目,#cf873de5
1213 庄田町３丁目,#ce745eea
1214 日吉町６丁目,#85c656ed
1215 久保町６丁目,#d0843df9
1216 駒栄町２丁目,#c4667eff
1217 苅藻通７丁目,#f14b226b
1218 二葉町５丁目,#c38e50d0
1219 若松町１０丁目,#9cb556f6
1220 大橋町９丁目,#b89f49e2
1221 腕塚町８丁目,#ca7c5be4
1222 南駒栄町,#e3574b45
1223 庄田町４丁目,#d47055fa
1224 久保町７丁目,#d47c43eb
1225 駒栄町３丁目,#c05f89ff
1226 海運町２丁目,#91c150f6
1227 若松町１１丁目,#aaa65aea
1228 二葉町６丁目,#c68557df
1229 東尻池町１０丁目,#e05356ff
1230 浜添通７丁目,#d1705cff
1231 腕塚町９丁目,#c28362d4
1232 大橋町１０丁目,#a8a167ff
1233 駒ヶ林町１丁目,#d96e4b90
1234 久保町８丁目,#e94a46ea
1235 駒栄町４丁目,#d05e70ff
1236 本庄町２丁目,#96bc53e1
1237 二葉町７丁目,#d17752d5
1238 海運町３丁目,#b19667ee
1239 浜添通８丁目,#af9c63a2
1240 野田町４丁目,#b49663f5
1241 腕塚町１０丁目,#b18d74f5
1242 駒ヶ林町２丁目,#d36f589d
1243 久保町９丁目,#e65346d9
1244 長楽町２丁目,#8cc05aff
1245 二葉町８丁目,#e74f48d4
1246 海運町４丁目,#b19070ea
1247 本庄町３丁目,#b3916cee
1248 野田町５丁目,#bd8070e7
1249 駒ヶ林町３丁目,#d8665796
1250 苅藻島町１丁目,#af9c6362
1251 久保町１０丁目,#c5786afc
1252 二葉町９丁目,#e04f5bc4
1253 長楽町３丁目,#ab9079f3
1254 浪松町２丁目,#87c45aff
1255 本庄町４丁目,#bf8369ef
1256 海運町５丁目,#b9797de0
1257 駒ヶ林町４丁目,#db4e6799
1258 野田町６丁目,#ac8b7de8
1259 浪松町３丁目,#a6a06ae8
1260 二葉町１０丁目,#c06981e3
1261 長楽町４丁目,#ab8f7afa
1262 本庄町５丁目,#d06965e4
1263 駒ヶ林町５丁目,#de466796
1264 苅藻島町２丁目,#af9c637f
1265 海運町６丁目,#a19b7ae8
1266 野田町７丁目,#bd7f71d1
1267 苅藻島町３丁目,#00000000
1268 浪松町４丁目,#9fae5ff9
1269 長楽町５丁目,#c17872ee
1270 駒ヶ林町６丁目,#b5718ab2
1271 本庄町６丁目,#c6805eea
1272 海運町７丁目,#a1a26fd0
1273 浪松町５丁目,#baa140da
1274 野田町８丁目,#c08466ff
1275 長楽町６丁目,#c08d58f6
1276 本庄町７丁目,#c1924fc0
1277 海運町８丁目,#aba65abf
1278 野田町９丁目,#db694ceb
1279 浪松町６丁目,#a0b64b96
1280 長楽町７丁目,#ba9e48ff
1281 駒ケ林南町,#d0636c43
1282 本庄町８丁目,#bba823f2
1283 白川,#b5649328
1284 白川台７丁目,#8b939964
1285 白川台５丁目,#a8729853
1286 東白川台１丁目,#d45a6c75
1287 東白川台４丁目,#e63a5a61
1288 東白川台５丁目,#ea39535a
1289 北落合６丁目,#6d6dca6f
1290 白川台６丁目,#cc6e6866
1291 東白川台３丁目,#e43d5d6e
1292 車,#797eb92e
1293 北落合５丁目,#8f77ad4f
1294 弥栄台４丁目,#1983d941
1295 白川台１丁目,#b97d7a61
1296 東白川台２丁目,#cd676d8a
1297 北落合４丁目,#c6756c4a
1298 若草町３丁目,#e4662f67
1299 白川台２丁目,#c07a725a
1300 白川台３丁目,#b882765c
1301 白川台４丁目,#9d968554
1302 神の谷７丁目,#ea4c417e
1303 弥栄台１丁目,#dd654b44
1304 神の谷６丁目,#e9523c66
1305 若草町２丁目,#e4662f67
1306 神の谷５丁目,#e9523e66
1307 弥栄台３丁目,#00000000
1308 若草町１丁目,#e4662f5d
1309 北落合２丁目,#b47b8258
1310 北落合３丁目,#cb77604d
1311 北落合１丁目,#c1796f58
1312 神の谷３丁目,#ea56336e
1313 神の谷４丁目,#ef4f228a
1314 弥栄台５丁目,#24a6bd5c
1315 東落合２丁目,#c9766649
1316 東落合３丁目,#4966dd4b
1317 妙法寺字ぬめり石,#785fcb29
1318 神の谷１丁目,#e6622e7c
1319 神の谷２丁目,#dd684681
1320 緑台,#8ca58637
1321 西落合４丁目,#d5685d69
1322 清水台,#1b59ed5a
1323 中落合４丁目,#b5807d60
1324 弥栄台２丁目,#37e26657
1325 中落合３丁目,#c17b6f4e
1326 西落合７丁目,#df6d3765
1327 西落合５丁目,#cb913368
1328 緑が丘２丁目,#be69845b
1329 緑が丘１丁目,#be698465
1330 東落合１丁目,#796dc34b
1331 西落合３丁目,#79cd5972
1332 西落合６丁目,#bba43372
1333 中落合１丁目,#cc6f666b
1334 中落合２丁目,#cf7f4b52
1335 西落合２丁目,#7bd04f59
1336 西落合１丁目,#d08e2355
1337 南落合４丁目,#5950e15d
1338 南落合３丁目,#ca756456
1339 南落合２丁目,#ca7a5f71
1340 竜が台３丁目,#d686217f
1341 竜が台４丁目,#e3720073
1342 竜が台１丁目,#e9602358
1343 横尾１丁目,#f04e2258
1344 道正台,#3e47ec62
1345 菅の台１丁目,#a7b63c62
1346 竜が台２丁目,#f5411576
1347 南落合１丁目,#6a51d854
1348 竜が台７丁目,#f8361677
1349 竜が台６丁目,#f53c1f5f
1350 竜が台５丁目,#f63f0b65
1351 菅の台２丁目,#ef54139d
1352 妙法寺字アチ口,#ec513244
1353 友が丘７丁目,#dd69464a
1354 横尾６丁目,#e4633465
1355 菅の台４丁目,#dd723462
1356 横尾２丁目,#ee541f52
1357 菅の台３丁目,#ee56197f
1358 友が丘９丁目,#f63f0d4d
1359 禅昌寺町２丁目,#eb4b3f5c
1360 禅昌寺町１丁目,#d264675b
1361 横尾８丁目,#d4754d8c
1362 友が丘８丁目,#f5440868
1363 横尾５丁目,#f050196a
1364 横尾７丁目,#db6b4889
1365 多井畑字東山ノ上,#bf88617b
1366 横尾３丁目,#f34c076d
1367 菅の台５丁目,#ca854e66
1368 横尾９丁目,#d96e4a5f
1369 菅の台７丁目,#c588544a
1370 菅の台６丁目,#ed54254f
1371 横尾４丁目,#e85f2938
1372 明神町５丁目,#f3353789
1373 友が丘６丁目,#f73d007d
1374 友が丘１丁目,#d76f4e5b
1375 友が丘５丁目,#f63e1066
1376 友が丘４丁目,#f2412d6d
1377 永楽町３丁目,#c8716bd1
1378 友が丘３丁目,#f3441e5c
1379 友が丘２丁目,#f73d0364
1380 板宿,#f0482a68
1381 神撫町４丁目,#d6685aff
1382 明神町４丁目,#e1643e75
1383 多井畑東町,#e94b4657
1384 多井畑,#ad71952e
1385 永楽町２丁目,#bc6986ff
1386 神撫町５丁目,#c87a62ff
1387 明神町１丁目,#db713fc8
1388 神撫町３丁目,#c7746bff
1389 養老町１丁目,#c27870a5
1390 永楽町１丁目,#b06996ff
1391 大手,#b16e9139
1392 明神町３丁目,#ed4f2f9f
1393 神撫町２丁目,#c57370ff
1394 明神町２丁目,#e45e3eca
1395 神撫町１丁目,#ad7e89f9
1396 東須磨,#dd79232d
1397 板宿町３丁目,#df58544f
1398 川上町１丁目,#d4685eff
1399 川上町２丁目,#ce7b53ff
1400 川上町３丁目,#cd7e52ff
1401 養老町２丁目,#ef3941ff
1402 宝田町１丁目,#ec5826ff
1403 多井畑字東山ノ上,#df47636c
1404 宝田町２丁目,#e45b44c3
1405 養老町３丁目,#cd6272ff
1406 菊池町１丁目,#b07f84db
1407 板宿町２丁目,#d27455b8
1408 板宿町１丁目,#c77070da
1409 宝田町３丁目,#c17b70ff
1410 前池町１丁目,#ae6998ff
1411 菊池町２丁目,#a87299ff
1412 前池町２丁目,#9a73a6ff
1413 飛松町１丁目,#ac659ef2
1414 前池町３丁目,#a67b95d4
1415 飛松町２丁目,#9d76a1f0
1416 平田町１丁目,#b06798f2
1417 前池町４丁目,#c46d78d9
1418 飛松町３丁目,#a36ba2d6
1419 平田町２丁目,#ab7494f6
1420 大手町７丁目,#d26567ab
1421 大黒町１丁目,#9c8993ff
1422 大手町９丁目,#e34e54ce
1423 高倉台６丁目,#f344205f
1424 飛松町４丁目,#b16e92fa
1425 前池町５丁目,#c6657bff
1426 平田町３丁目,#9a6bace6
1427 大黒町２丁目,#ab8981ff
1428 戎町１丁目,#8fb172e1
1429 大手町８丁目,#c170798a
1430 高倉台５丁目,#ed4f2d6b
1431 前池町６丁目,#d25970ff
1432 多井畑南町,#5d7bca4b
1433 飛松町５丁目,#b46495e8
1434 平田町４丁目,#ac7791ff
1435 大黒町３丁目,#a369a5ea
1436 大手町６丁目,#ba5f91b8
1437 平田町５丁目,#9e6fa5d1
1438 戎町２丁目,#a0a271f6
1439 高尾台３丁目,#ef5603a5
1440 大田町１丁目,#81be6dd4
1441 大手町５丁目,#b67486aa
1442 大黒町４丁目,#a769a0ff
1443 戎町３丁目,#91a382dc
1444 大手町１丁目,#ac6a9ac0
1445 大田町２丁目,#89af7be8
1446 大黒町５丁目,#977fa0a5
1447 上細沢町,#89a38a78
1448 高倉台７丁目,#ad689a56
1449 寺田町１丁目,#71c76eff
1450 高尾台２丁目,#f24e0f93
1451 戎町４丁目,#97978afd
1452 大田町３丁目,#a2a071d5
1453 権現町１丁目,#a77498cd
1454 高倉台２丁目,#f1510c5f
1455 大手町２丁目,#ac81889b
1456 若木町３丁目,#56d27378
1457 寺田町２丁目,#68be85ef
1458 大手町４丁目,#8e909acd
1459 大池町１丁目,#7cbc76fe
1460 大田町４丁目,#bc8c62e8
1461 権現町２丁目,#a59d71b5
1462 高倉台４丁目,#f4460885
1463 寺田町３丁目,#8eb56de5
1464 大池町２丁目,#5dc780e1
1465 大手町３丁目,#8d9696a3
1466 戎町５丁目,#85a789d5
1467 千歳町１丁目,#7bba7af3
1468 大田町５丁目,#99b35fc3
1469 高尾台１丁目,#e14d59ae
1470 大池町４丁目,#86c94fad
1471 大池町３丁目,#74d253e5
1472 奥山畑町,#90b9627d
1473 権現町３丁目,#a3ae58d1
1474 千歳町２丁目,#53d373d9
1475 戎町６丁目,#97ae6bea
1476 常盤町１丁目,#a7a562ea
1477 高倉台３丁目,#f24e035f
1478 大田町６丁目,#87c15fe0
1479 若木町１丁目,#63cd7083
1480 大池町５丁目,#98bb5143
1481 高倉台１丁目,#eb5f1348
1482 水野町,#89c74f74
1483 常盤町２丁目,#59ed1aff
1484 千歳町３丁目,#74d940df
1485 若木町４丁目,#60cb778c
1486 高倉台８丁目,#587ccc58
1487 大田町７丁目,#83c955db
1488 東町１丁目,#8ec058af
1489 常盤町２丁目,#a1ad5eff
1490 堀池町１丁目,#78d44abd
1491 大田町８丁目,#72d64dbf
1492 千歳町４丁目,#7fd82bdf
1493 西須磨,#c78e462c
1494 常盤町３丁目,#68db4df2
1495 若木町２丁目,#55ca8076
1496 堀池町２丁目,#73d54ee7
1497 常盤町４丁目,#75d743e8
1498 戸政町１丁目,#78d24ec2
1499 離宮西町２丁目,#b18b7679
1500 多井畑,#ec5d1699
1501 東町２丁目,#8fc154f9
1502 東町３丁目,#b29f59df
1503 中島町１丁目,#8bc45493
1504 戸政町２丁目,#95bf4dff
1505 東町４丁目,#80cc51bd
1506 中島町２丁目,#a7a563c2
1507 月見山町３丁目,#7ccf519b
1508 戸政町３丁目,#b4a052e4
1509 月見山町１丁目,#61de4ca6
1510 中島町３丁目,#a1b451bb
1511 戸政町４丁目,#9eb05dff
1512 北町１丁目,#6dc870b6
1513 離宮前町２丁目,#9ab26073
1514 北町２丁目,#a1878fff
1515 桜木町３丁目,#9a9f7c91
1516 離宮西町１丁目,#bd846aa6
1517 北町３丁目,#a2987bb9
1518 南町１丁目,#91a97a9b
1519 須磨寺町３丁目,#89b1787d
1520 月見山町２丁目,#92b664f1
1521 行平町１丁目,#8fbe5aec
1522 稲葉町１丁目,#9ab756ff
1523 須磨寺町５丁目,#36e65ed1
1524 稲葉町２丁目,#97b462ff
1525 松風町３丁目,#9cb75271
1526 南町２丁目,#91988fc1
1527 須磨寺町４丁目,#76cd5c6d
1528 離宮前町１丁目,#95ad7181
1529 月見山本町２丁目,#a19e76c9
1530 行平町２丁目,#8cc257e8
1531 青葉町１丁目,#b28878e9
1532 稲葉町３丁目,#98b066f6
1533 南町３丁目,#a38e85c3
1534 行平町３丁目,#96c04ac3
1535 桜木町２丁目,#95978b93
1536 青葉町２丁目,#b58973ee
1537 月見山本町１丁目,#a19e758e
1538 行幸町４丁目,#aa9d6aba
1539 鷹取町１丁目,#8fc549f8
1540 稲葉町４丁目,#9daa6afa
1541 須磨寺町２丁目,#95a878a0
1542 磯馴町１丁目,#a3af55f6
1543 高倉町１丁目,#82c65c7e
1544 青葉町３丁目,#b08e74e1
1545 古川町１丁目,#76d154da
1546 稲葉町５丁目,#b38e70ff
1547 鷹取町２丁目,#94c344ff
1548 松風町４丁目,#afac43cb
1549 行幸町３丁目,#b0936d7f
1550 磯馴町２丁目,#9ab162e3
1551 桜木町１丁目,#919c8ac9
1552 青葉町４丁目,#6ec27bff
1553 高倉町２丁目,#90a2847a
1554 鷹取町３丁目,#9bb558ff
1555 稲葉町６丁目,#a4858dff
1556 衣掛町１丁目,#8aa686ff
1557 古川町２丁目,#d19107c0
1558 松風町５丁目,#b1a44fd4
1559 村雨町３丁目,#b2a844ff
1560 須磨寺町１丁目,#96b55f88
1561 天神町５丁目,#a59c72dd
1562 千守町１丁目,#8cbe5f81
1563 磯馴町３丁目,#7ea197df
1564 小寺町１丁目,#6edb43c2
1565 衣掛町２丁目,#7c9f9bdf
1566 千守町２丁目,#7bc76489
1567 一ノ谷町１丁目,#b5768577
1568 稲葉町７丁目,#ae946ff7
1569 村雨町４丁目,#a6ad55ff
1570 天神町３丁目,#a49878aa
1571 松風町６丁目,#a39182de
1572 鷹取町４丁目,#ad9372ff
1573 古川町３丁目,#e46e15e2
1574 磯馴町４丁目,#74a19fe7
1575 関守町３丁目,#91b8639b
1576 小寺町２丁目,#ca9529d0
1577 衣掛町３丁目,#7f93a3d7
1578 天神町４丁目,#a0a36fa8
1579 村雨町５丁目,#83b47aff
1580 若宮町２丁目,#879f91f8
1581 行幸町２丁目,#8cb66d86
1582 古川町４丁目,#e94f40c0
1583 松風町７丁目,#73c76cf9
1584 磯馴町５丁目,#729fa2e5
1585 村雨町６丁目,#5ccd77ff
1586 小寺町３丁目,#d67b3dff
1587 須磨本町１丁目,#9e91889a
1588 衣掛町４丁目,#7291afe6
1589 若宮町１丁目,#9f779e4a
1590 若宮町３丁目,#8e8d9df3
1591 潮見台町４丁目,#7fb57e9e
1592 外浜町１丁目,#f636206c
1593 磯馴町６丁目,#5bcc78de
1594 行幸町１丁目,#6bb78d98
1595 関守町２丁目,#a3aa61a6
1596 小寺町４丁目,#ef4832ff
1597 潮見台町５丁目,#97948d78
1598 天神町２丁目,#a18690ba
1599 衣掛町５丁目,#7691acf7
1600 外浜町２丁目,#fa2e1189
1601 天神町１丁目,#7eb283a9
1602 潮見台町１丁目,#83a292ac
1603 須磨本町２丁目,#959f83a6
1604 潮見台町３丁目,#75aa94a6
1606 関守町１丁目,#a1af5acd
1607 須磨浦通１丁目,#6fb98659
1608 外浜町３丁目,#f6342399
1609 潮見台町２丁目,#809f9789
1610 須磨浦通４丁目,#9ba47576
1611 須磨浦通２丁目,#83af8163
1612 一ノ谷町２丁目,#bf7b715f
1613 須磨浦通３丁目,#9c89937b
1614 須磨浦通５丁目,#7ba39773
1615 外浜町４丁目,#ff000096
1616 須磨浦通６丁目,#84959e66
1617 一ノ谷町３丁目,#d9802372
1618 一ノ谷町５丁目,#c08c5c5a
1619 一ノ谷町４丁目,#da83008e
1620 名谷町,#b5877526
1621 小束山手１丁目,#24f82d52
1622 小束台,#07f9344e
1623 神和台３丁目,#d1477e66
1624 名谷町,#5de929ff
1625 小束山手２丁目,#00ff0083
1626 小束山２丁目,#6dbf8054
1627 神和台２丁目,#d5715077
1628 多聞町,#4bf02637
1629 小束山手３丁目,#10fe008e
1630 小束山１丁目,#838ba85e
1631 小束山手,#00ff00b2
1632 舞多聞西８丁目,#00ff005f
1633 神和台１丁目,#b5847865
1634 小束山３丁目,#a73fb57d
1635 舞多聞西６丁目,#00ff0073
1636 小束山６丁目,#eb3a4f69
1637 舞多聞西７丁目,#00ff005f
1638 神陵台９丁目,#8b949957
1639 舞多聞西４丁目,#00ff006d
1640 小束山４丁目,#7265cc6a
1641 舞多聞西３丁目,#82da0f5c
1642 小束山５丁目,#c8548580
1643 舞多聞西５丁目,#00ff0059
1644 小束山７丁目,#dd4e6271
1645 小束山本町４丁目,#3a96c580
1646 舞多聞西２丁目,#10fe0077
1647 名谷町,#df64485b
1648 舞多聞東３丁目,#05fd1a59
1649 多聞台５丁目,#b1a9447e
1650 小束山本町２丁目,#8d909b5d
1651 神陵台８丁目,#a380936c
1652 小束山本町３丁目,#7ba29982
1653 つつじが丘７丁目,#bf8a5e61
1654 多聞台３丁目,#d9635859
1655 舞多聞西,#3ff1315c
1656 舞多聞東１丁目,#55a1b171
1657 舞多聞東２丁目,#57e1515f
1658 神陵台２丁目,#a7769777
1659 多聞台１丁目,#97c14468
1660 学が丘７丁目,#988f9272
1661 下畑町,#a4838f6e
1662 小束山本町１丁目,#b4837a8b
1663 多聞台４丁目,#d85b646a
1664 神陵台７丁目,#ee3f3f71
1665 つつじが丘６丁目,#d06c6274
1666 つつじが丘５丁目,#c184645f
1667 桃山台７丁目,#b4708c61
1668 本多聞３丁目,#a8a56052
1669 学が丘６丁目,#b0887b73
1670 神陵台３丁目,#f9292179
1671 学が丘４丁目,#bc6c8452
1672 桃山台５丁目,#a0819656
1673 桃山台６丁目,#947fa373
1674 多聞台２丁目,#c5667c55
1675 学が丘５丁目,#c2747449
1676 神陵台６丁目,#ec464071
1677 つつじが丘４丁目,#b9925e6b
1678 本多聞２丁目,#c06e7d4a
1679 神陵台１丁目,#ae739193
1680 桃山台４丁目,#a1908763
1681 つつじが丘３丁目,#cf6b6680
1682 神陵台４丁目,#f63a2082
1683 下畑町,#718bb42d
1684 本多聞４丁目,#d46b5b4c
1685 西脇２丁目,#d26a618e
1686 神陵台５丁目,#ce646f58
1687 つつじが丘２丁目,#b19d5d5f
1688 学が丘２丁目,#ce636e5d
1689 つつじが丘１丁目,#ada35a64
1690 桃山台３丁目,#8e999152
1691 南多聞台１丁目,#df654578
1692 学が丘３丁目,#c9677455
1693 潮見が丘２丁目,#998b9439
1694 西脇１丁目,#a47a9772
1695 本多聞１丁目,#9e6ea658
1696 南多聞台２丁目,#ba8e6376
1697 南多聞台６丁目,#e4662d92
1698 本多聞７丁目,#b6788353
1699 清玄町,#3a7ad750
1700 本多聞５丁目,#d26b5f55
1701 桃山台２丁目,#7fa79062
1702 学が丘１丁目,#c079724d
1703 南多聞台５丁目,#d56d5693
1704 南多聞台３丁目,#9d7f9b75
1705 南多聞台７丁目,#f14f1075
1706 桃山台１丁目,#7fa78e5a
1707 南多聞台４丁目,#c46d7862
1708 狩口台１丁目,#f9320081
1709 本多聞６丁目,#c07e6d56
1710 南多聞台８丁目,#ed502f6c
1711 清水が丘３丁目,#8969bb5c
1712 狩口台２丁目,#ed532866
1713 朝谷町,#988d925a
1714 清水が丘２丁目,#7c77bb64
1715 潮見が丘１丁目,#a1a07251
1716 清水が丘１丁目,#a27b9965
1717 狩口台３丁目,#d06c6375
1718 狩口台４丁目,#c75d8074
1719 舞子坂４丁目,#9f7b9c66
1720 松風台１丁目,#485ce270
1721 舞子坂３丁目,#b77a7f54
1722 塩屋北町１丁目,#7dbf7166
1723 塩屋北町２丁目,#97b65e61
1724 舞子陵,#9091973b
1725 西舞子９丁目,#ca7c5c62
1726 狩口台５丁目,#bc787a88
1727 青山台８丁目,#5c6dd37a
1728 星陵台４丁目,#91909649
1729 西舞子８丁目,#cd736267
1730 塩屋北町４丁目,#bd8f5b60
1731 千代が丘２丁目,#96aa7365
1732 千鳥が丘２丁目,#979c8461
1733 千鳥が丘１丁目,#b08f7371
1734 福田５丁目,#95a57c7e
1735 向陽３丁目,#a59c739c
1736 上高丸３丁目,#ba94595d
1737 松風台２丁目,#6e59d383
1738 舞子坂２丁目,#868ba563
1739 千鳥が丘３丁目,#aba35d4e
1740 青山台７丁目,#8147cf5d
1741 美山台３丁目,#9b809b6d
1742 狩口台６丁目,#8261c460
1743 福田４丁目,#a9898475
1744 東垂水町,#5857de96
1745 西舞子７丁目,#b97e796f
1746 西舞子６丁目,#906db37c
1747 塩屋北町３丁目,#aba16275
1748 星が丘３丁目,#ad86816a
1749 青山台５丁目,#ae3ab064
1750 向陽２丁目,#a59977a1
1751 西舞子４丁目,#aca06156
1752 星陵台８丁目,#769ea08e
1753 舞子坂１丁目,#8ea6826f
1754 福田３丁目,#9c9d7d89
1755 塩屋台２丁目,#e4663175
1756 千代が丘１丁目,#cb89446f
1757 青山台６丁目,#dd3c6d95
1758 上高丸２丁目,#baa72d70
1759 塩屋町,#b9768035
1760 狩口台７丁目,#6f70c759
1761 塩屋町,#b7629353
1762 東垂水町,#b9866f6f
1763 塩屋台１丁目,#d2715772
1764 西舞子５丁目,#87949c79
1765 向陽１丁目,#bb9556b0
1766 高丸８丁目,#bf9c3d6e
1767 塩屋町９丁目,#9995895f
1768 星陵台７丁目,#9e918983
1769 福田２丁目,#b18e7391
1770 塩屋台３丁目,#d9596377
1771 北舞子１丁目,#aa917994
1772 青山台４丁目,#ea484474
1773 北舞子４丁目,#76b28a67
1774 西舞子２丁目,#93b26958
1775 北舞子２丁目,#85b97092
1776 星陵台３丁目,#a68b8596
1777 西舞子３丁目,#a3a36c68
1778 北舞子３丁目,#75c76b97
1779 舞子台８丁目,#6bb68d57
1780 美山台２丁目,#d85f5f70
1781 青山台２丁目,#e3663583
1782 上高丸１丁目,#c491465b
1783 星陵台６丁目,#b87582a5
1784 福田１丁目,#a99e696b
1785 高丸７丁目,#d28a2572
1786 乙木２丁目,#ad74929b
1787 青山台３丁目,#c3796d9d
1788 乙木３丁目,#cf81489b
1789 星陵台２丁目,#ba767fb2
1790 高丸４丁目,#c77f5d7f
1791 星陵台５丁目,#75a29c76
1792 青山台１丁目,#93a2825a
1793 高丸６丁目,#abaa5065
1794 星が丘２丁目,#cd6d6784
1795 山手８丁目,#da6e47c8
1796 舞子台７丁目,#55cc7d6a
1797 塩屋町８丁目,#a7a75d8b
1798 星陵台１丁目,#af8b7988
1799 星が丘１丁目,#b3897577
1800 美山台１丁目,#b6728970
1801 乙木１丁目,#bb6a8799
1802 塩屋町７丁目,#9a899550
1803 舞子台６丁目,#83c06763
1804 西舞子１丁目,#89ab8169
1805 大町５丁目,#b19963c0
1806 東垂水３丁目,#d55d6883
1807 舞子台５丁目,#7fb2816e
1808 大町４丁目,#c1836596
1809 高丸３丁目,#a28e8684
1810 舞子台４丁目,#70bb826d
1811 舞子台３丁目,#69c67770
1812 歌敷山３丁目,#67b98c6b
1813 塩屋町３丁目,#928c9a5d
1814 山手７丁目,#cc7a59ba
1815 大町３丁目,#a0a074bd
1816 東垂水２丁目,#da694e77
1817 旭が丘３丁目,#a8a85a6a
1818 高丸５丁目,#a2b44f78
1819 霞ケ丘７丁目,#9d918a73
1820 大町２丁目,#ad996b90
1821 東垂水町,#a4a5677e
1822 大町１丁目,#c5865aa3
1823 塩屋町４丁目,#818ea761
1824 霞ケ丘３丁目,#8c9b918d
1825 王居殿２丁目,#b37e817f
1826 塩屋町６丁目,#a2997b4d
1827 王居殿３丁目,#b8688d6a
1828 舞子台２丁目,#a6a66263
1829 東垂水１丁目,#d85e6094
1830 高丸２丁目,#a2a46b8b
1831 舞子台１丁目,#9fae5f6b
1832 歌敷山４丁目,#92be5576
1833 高丸１丁目,#8eab7c87
1834 霞ケ丘６丁目,#869b9679
1835 歌敷山２丁目,#8e96947f
1836 山手６丁目,#be8f58b7
1837 野田通,#ac9c678d
1838 塩屋町２丁目,#8c7cac77
1839 旭が丘１丁目,#a09b7a60
1840 仲田２丁目,#b9896ccb
1841 旭が丘２丁目,#97998873
1842 仲田３丁目,#a4888ae6
1843 塩屋町５丁目,#96958d64
1844 城が山５丁目,#cc893f95
1845 馬場通,#a0a86889
1846 山手５丁目,#ca7d5a9f
1847 歌敷山１丁目,#76ae8e72
1848 瑞ケ丘,#98af6997
1849 中道６丁目,#b69b55e2
1850 霞ケ丘５丁目,#7a89b075
1851 霞ケ丘２丁目,#898aa38c
1852 東舞子町,#b0a74c43
1853 泉が丘５丁目,#bb985189
1854 瑞穂通,#a69e6e8e
1855 塩屋町１丁目,#9a7f9e50
1856 仲田１丁目,#95869d85
1857 王居殿１丁目,#c87865ab
1858 山手４丁目,#b99756b9
1859 清水通,#c38460a2
1860 霞ケ丘１丁目,#949c8884
1861 城が山４丁目,#c49a30a1
1862 中道５丁目,#ba8f62da
1863 霞ケ丘４丁目,#84b37a7d
1864 坂上５丁目,#cd8742ff
1865 泉が丘４丁目,#bf9b409b
1866 泉が丘３丁目,#b2a64991
1867 御霊町,#b1a1559c
1868 城が山１丁目,#c2895a69
1869 陸ノ町,#92a57f8c
1870 山手３丁目,#b9896c92
1871 坂上４丁目,#c5943ee4
1872 中道４丁目,#b59c57eb
1873 五色山８丁目,#7ace5694
1874 川原５丁目,#be9d3fe2
1875 川原４丁目,#c39d2cff
1876 城が山３丁目,#b3b125c2
1877 五色山５丁目,#75cf5b89
1878 五色山４丁目,#72cf5f62
1879 日向２丁目,#ac996c8c
1880 五色山７丁目,#86d4297d
1881 川原３丁目,#a9b92cf2
1882 五色山３丁目,#95b2667e
1883 天ノ下町,#87969b7c
1884 坂上３丁目,#a3be2bec
1885 五色山２丁目,#ae976b7b
1886 中道３丁目,#c09748eb
1887 五色山１丁目,#ae9c6586
1888 城が山２丁目,#a9b92b8a
1889 泉が丘２丁目,#b9a045b6
1890 泉が丘１丁目,#afad4084
1891 山手２丁目,#d3794ab2
1892 川原２丁目,#a7b248e1
1893 坂上２丁目,#abb437eb
1894 中道２丁目,#c79437ee
1895 平磯１丁目,#a49d713c
1896 神田町,#b0a4518d
1897 日向１丁目,#a4a66588
1898 五色山６丁目,#8acc3d7e
1899 川原１丁目,#b1a352fe
1900 山手１丁目,#d77a3b9e
1901 坂上１丁目,#b6a937f7
1902 中道１丁目,#ce8d2fff
1903 海岸通,#95ba573c
1904 平磯２丁目,#c58a5289
1905 平磯４丁目,#74c967b0
1906 宮本町,#8ec64a7b
1907 平磯３丁目,#5bdb5b61
1908 長尾町上津,#67e03d24
1909 道場町生野,#e728631f
1910 赤松台２丁目,#dc39713a
1911 赤松台１丁目,#dc397138
1912 大沢町市原,#d0298c2b
1913 道場町塩田,#d95d6026
1914 長尾町宅原,#51bc9725
1915 大沢町簾,#d0298c2f
1916 上津台５丁目,#05f24e4e
1917 上津台４丁目,#09f93153
1918 鹿の子台北町１丁目,#2f95c958
1919 鹿の子台北町７丁目,#2e5be95f
1920 上津台６丁目,#00fb2a50
1921 上津台３丁目,#00fb2a51
1922 道場町日下部,#6ea59e30
1923 道場町道場,#bd915959
1924 大沢町日西原,#d33b8128
1925 鹿の子台北町２丁目,#318bcf5c
1926 鹿の子台北町５丁目,#2772e056
1927 上津台１丁目,#09fe0061
1928 鹿の子台北町８丁目,#4898be44
1929 上津台７丁目,#12f64045
1930 鹿の子台北町６丁目,#3369e251
1931 上津台２丁目,#00fb2c4a
1932 鹿の子台南町６丁目,#1e4af146
1933 上津台９丁目,#15fe0547
1934 鹿の子台南町５丁目,#1e45f341
1935 大沢町上大沢,#de3d6b24
1936 鹿の子台北町４丁目,#3475dc5f
1937 鹿の子台北町３丁目,#3aacb268
1938 上津台８丁目,#05fe044c
1939 道場町平田,#d35a6f2e
1940 大沢町中大沢,#c4409427
1941 八多町中,#36aeb132
1942 鹿の子台南町４丁目,#2044f354
1943 長尾町上津,#e6345f34
1944 鹿の子台南町１丁目,#378fcb55
1945 有野町二郎,#3ba5b82b
1946 鹿の子台南町３丁目,#173bf661
1947 鹿の子台南町２丁目,#2a60e863
1948 八多町下小名田,#44c19730
1949 八多町上小名田,#7cc56526
1950 淡河町北僧尾,#f22e4027
1951 菖蒲が丘３丁目,#126de579
1952 大沢町神付,#d627842b
1953 菖蒲が丘２丁目,#1e99c85d
1954 菖蒲が丘１丁目,#417ed357
1955 淡河町神田,#c9518528
1956 淡河町神影,#b94c9c29
1957 西山２丁目,#2978dc53
1958 有野町有野,#5952e041
1959 京地３丁目,#36d9785f
1960 西山１丁目,#5b5adc54
1961 京地２丁目,#45b5a55e
1962 八多町西畑,#d13c842e
1963 八多町吉尾,#5bc2882a
1964 淡河町南僧尾,#e4356428
1965 京地４丁目,#40c69367
1966 有野中町４丁目,#56a7ac56
1967 藤原台北町７丁目,#3140f168
1968 有野町有野,#96a27d22
1969 京地１丁目,#6876c861
1970 藤原台北町６丁目,#2a57eb54
1971 藤原台北町５丁目,#323ff156
1972 淡河町北畑,#d258712c
1973 藤原台北町４丁目,#2d48f055
1974 有野中町３丁目,#5aada351
1975 八多町深谷,#bf34a028
1976 藤原台北町３丁目,#3650eb66
1977 八多町附物,#b3778823
1978 藤原台北町１丁目,#5296bc55
1979 有野中町２丁目,#5ab7985d
1980 淡河町東畑,#b94c9d2b
1981 藤原台北町２丁目,#7475c257
1982 淡河町淡河,#e53b5e25
1983 藤原台中町５丁目,#46a2b74b
1984 淡河町野瀬,#ce488221
1985 藤原台中町１丁目,#5e73ce53
1986 有野中町１丁目,#6aaf975d
1987 八多町柳谷,#629ab12c
1988 淡河町中山,#b5599b29
1989 淡河町行原,#d453722c
1990 淡河町萩原,#e1416327
1991 藤原台中町４丁目,#634ade60
1992 八多町屏風,#bf7f6e24
1993 藤原台中町３丁目,#5d5ada61
1994 八多町西畑,#e32b6a30
1995 藤原台中町２丁目,#6667d174
1996 藤原台中町８丁目,#6e7fbe74
1997 有野台４丁目,#d272585b
1998 藤原台南町５丁目,#3d6fdc53
1999 淡河町木津,#e04f5b2c
2000 藤原台中町６丁目,#49c29355
2001 有野台３丁目,#d86f4c59
2002 藤原台中町７丁目,#2cc0a04f
2003 有野台５丁目,#de644860
2004 淡河町勝雄,#dc387223
2005 藤原台南町４丁目,#24c1a253
2006 藤原台南町１丁目,#1fc89a51
2007 有野台２丁目,#de6b3e5e
2008 有野台６丁目,#ea5a2d5c
2009 東有野台２丁目,#f73e006b
2010 有野台１丁目,#e36d235b
2011 藤原台南町３丁目,#2b89d260
2012 藤原台南町２丁目,#2bc29e5a
2013 有野台７丁目,#ed591858
2014 東有野台１丁目,#eb610763
2015 東有野台３丁目,#f6410057
2016 有野台９丁目,#db7f1860
2017 有野台８丁目,#e8661450
2018 東有野台４丁目,#f544006e
2019 有馬町,#cf6c6521
2020 東有野台５丁目,#e66c0c7b
2021 有野町唐櫃,#c4687c1f
2022 山田町中,#f6342724
2023 山田町坂本,#ed2a5323
2024 唐櫃台１丁目,#ad5fa154
2025 唐櫃台２丁目,#c0588d4a
2026 山田町原野,#855bc421
2027 山田町上谷上,#ad9f6121
2028 唐櫃台３丁目,#e15a4e66
2029 山田町下谷上,#a3a96124
2030 山田町衝原,#d5646022
2031 唐櫃台４丁目,#f148264c
2032 唐櫃六甲台,#46a0b965
2033 山田町福地,#f044332c
2034 東大池２丁目,#e04f5a57
2035 西大池１丁目,#ce627055
2036 東大池１丁目,#dc575d67
2037 東大池３丁目,#d563615e
2038 山田町東下,#f1393b27
2039 西大池２丁目,#d95f5c4a
2040 大池見山台,#f6410056
2041 柏尾台,#b1718f50
2042 花山台,#d943735b
2043 花山中尾台３丁目,#10e3724a
2044 花山中尾台１丁目,#57ca8059
2045 幸陽町１丁目,#9c7b9f90
2046 花山中尾台２丁目,#56d96561
2047 青葉台,#d36a5e4e
2048 幸陽町２丁目,#96958e73
2049 花山東町,#a0ac6041
2050 幸陽町３丁目,#a19d7664
2051 谷上東町,#38f42c58
2052 谷上南町,#68db4c5f
2053 山田町西下,#fb261628
2054 日の峰５丁目,#9d5fb06a
2055 日の峰４丁目,#935cb95b
2056 松が枝町３丁目,#c075765b
2057 谷上西町,#47ef345e
2058 山田町小河,#f82e2025
2059 日の峰１丁目,#a271a058
2060 松が枝町２丁目,#c1598c6d
2061 日の峰３丁目,#9256be56
2062 松が枝町１丁目,#a68f805e
2063 山田町下谷上字中一里山,#c8736c1e
2064 日の峰２丁目,#7a7fb758
2065 桂木４丁目,#876fb95e
2066 桂木３丁目,#3b5fe44d
2067 小倉台１丁目,#2da2bf6e
2068 緑町４丁目,#647ac861
2069 小倉台７丁目,#436cdc69
2070 小倉台３丁目,#3b95c571
2071 緑町８丁目,#5651e161
2072 小倉台２丁目,#828aa965
2073 小倉台４丁目,#3d6edd6d
2074 広陵町２丁目,#d08c2c6f
2075 広陵町４丁目,#b58c6f8d
2076 緑町３丁目,#6465d35a
2077 広陵町３丁目,#de77257c
2078 広陵町１丁目,#ca923179
2079 桂木１丁目,#9b5eb277
2080 大原３丁目,#3b4aec4c
2081 桂木２丁目,#325de753
2082 小倉台６丁目,#3b68e060
2083 緑町２丁目,#e35e4173
2084 広陵町５丁目,#da645376
2085 小倉台５丁目,#576cd584
2086 緑町５丁目,#e6603080
2087 筑紫が丘２丁目,#e44e525e
2088 広陵町６丁目,#dd762874
2089 大原２丁目,#1b3df657
2090 筑紫が丘１丁目,#f73e076e
2091 緑町６丁目,#ba6f855b
2092 緑町１丁目,#ab7e8bae
2093 筑紫が丘９丁目,#f9291d75
2094 筑紫が丘４丁目,#fa281477
2095 緑町７丁目,#e04e5c58
2096 大原１丁目,#7749d44f
2097 筑紫が丘３丁目,#f837135a
2098 筑紫が丘８丁目,#f8321d5f
2099 山田町藍那,#e85b3121
2100 筑紫が丘７丁目,#fa31006d
2101 甲栄台１丁目,#e4514d66
2102 甲栄台２丁目,#e9474976
2103 甲栄台３丁目,#d9486f71
2104 筑紫が丘５丁目,#e3594760
2105 山田町小部,#9799882a
2106 山田町小部,#dc5d5759
2107 筑紫が丘６丁目,#f4402481
2108 若葉台１丁目,#e657425f
2109 泉台１丁目,#d65a6760
2110 若葉台２丁目,#c1797069
2111 泉台３丁目,#ba797b57
2112 泉台４丁目,#e9523b63
2113 泉台２丁目,#d175546c
2114 山田町小部,#d66a57ff
2115 泉台５丁目,#ed4e315c
2116 甲栄台４丁目,#da63576d
2117 大脇台,#c76b7455
2118 若葉台３丁目,#cd686c71
2119 若葉台４丁目,#e1515592
2120 松宮台１丁目,#30e76059
2121 泉台７丁目,#eb562b63
2122 惣山町２丁目,#df47625a
2123 山田町小部,#9167b5ff
2124 松宮台２丁目,#00ee5a62
2125 甲栄台５丁目,#89939b73
2126 杉尾台１丁目,#b9906268
2127 惣山町５丁目,#d947717f
2128 惣山町１丁目,#c6697758
2129 杉尾台２丁目,#8f9e8b66
2130 泉台６丁目,#cd775b77
2131 北五葉５丁目,#a99b6e5d
2132 惣山町３丁目,#ea335674
2133 北五葉４丁目,#d46c5a5e
2134 惣山町４丁目,#e9385560
2135 北五葉６丁目,#c37f6765
2136 鈴蘭台西町６丁目,#8982aa6b
2137 鈴蘭台西町５丁目,#8b7aae5f
2138 北五葉７丁目,#de6e3872
2139 北五葉３丁目,#d0735961
2140 北五葉２丁目,#d36f5951
2141 鈴蘭台北町３丁目,#c4677c5f
2142 鈴蘭台西町３丁目,#a9689e7c
2143 鈴蘭台北町６丁目,#cd5c777c
2144 鈴蘭台北町９丁目,#8f58bf64
2145 鈴蘭台西町４丁目,#8e65b960
2146 鈴蘭台北町２丁目,#9470ad82
2147 鈴蘭台北町７丁目,#a562a756
2148 北五葉１丁目,#d06c635d
2149 鈴蘭台北町５丁目,#ca5e7b6f
2150 鈴蘭台西町２丁目,#a36ba364
2151 鈴蘭台北町１丁目,#ce6d665e
2152 鈴蘭台西町１丁目,#a674995b
2153 鈴蘭台北町４丁目,#d0636a8b
2154 鳴子３丁目,#fb28005b
2155 山田町下谷上字中一里山,#d57b3fe2
2156 鈴蘭台南町３丁目,#d863597b
2157 鈴蘭台東町５丁目,#d5616277
2158 星和台７丁目,#fa2d005f
2159 鳴子１丁目,#f543036f
2160 鈴蘭台北町８丁目,#92ad73d4
2161 南五葉２丁目,#cc6e6859
2162 鈴蘭台東町７丁目,#9caa6b75
2163 南五葉１丁目,#c17b6e77
2164 鈴蘭台南町２丁目,#d178516a
2165 鈴蘭台東町６丁目,#d66d537e
2166 鈴蘭台東町９丁目,#8fa97d57
2167 鳴子２丁目,#f9330060
2168 鈴蘭台南町１丁目,#d0775581
2169 鈴蘭台南町４丁目,#db6c477a
2170 星和台６丁目,#f73e0056
2171 鈴蘭台東町４丁目,#d4586d73
2172 鈴蘭台東町３丁目,#e44a5475
2173 鈴蘭台東町１丁目,#e3564c8a
2174 鈴蘭台東町８丁目,#88b96c87
2175 南五葉５丁目,#cb81525d
2176 鈴蘭台南町６丁目,#d1775362
2177 鈴蘭台南町５丁目,#df65457f
2178 南五葉３丁目,#d2774f61
2179 星和台５丁目,#f73b0057
2180 鈴蘭台東町２丁目,#de545a72
2181 南五葉６丁目,#d86e4c68
2182 山田町小部,#a1997b76
2183 鈴蘭台南町７丁目,#e55c3d71
2184 星和台１丁目,#e95d2b48
2185 山田町小部,#d17a4eff
2186 中里町１丁目,#2543f343
2187 星和台４丁目,#f4460057
2188 南五葉４丁目,#bd846c70
2189 君影町６丁目,#ef51217e
2190 星和台３丁目,#f14e1a5d
2191 鈴蘭台南町８丁目,#eb51336c
2192 山田町小部,#e85f2bff
2193 君影町１丁目,#d26d5d5a
2194 鈴蘭台南町９丁目,#e5613476
2195 星和台２丁目,#e55b3e47
2196 君影町３丁目,#e4623970
2197 君影町５丁目,#f14e1176
2198 君影町４丁目,#ef541a70
2199 中里町２丁目,#222ff862
2200 君影町２丁目,#e2623d79
2201 山田町藍那,#d95665f8
2202 ひよどり北町３丁目,#e1770073
2203 ひよどり北町２丁目,#62e33c8f
2204 ひよどり北町１丁目,#f6420084
2205 ひよどり台５丁目,#f838004c
2206 ひよどり台４丁目,#f63f0457
2207 ひよどり台３丁目,#f936004b
2208 ひよどり台２丁目,#f839004b
2209 ひよどり台１丁目,#f63f074a
2210 ひよどり台南町３丁目,#10fc1f5a
2211 ひよどり台南町４丁目,#09fd1c93
2212 ひよどり台南町１丁目,#21f53a67
2213 ひよどり台南町２丁目,#04fd1d75
2214 葺合町,#92939325
2215 神戸港地方,#90a18525
2216 神仙寺通１丁目,#af887d8a
2217 神仙寺通２丁目,#a98c7fd1
2218 神仙寺通４丁目,#af9073ac
2219 中島通１丁目,#bb8072e9
2220 神仙寺通３丁目,#aa9279df
2221 中島通２丁目,#ad8385d4
2222 中島通３丁目,#a29085b0
2223 中島通５丁目,#bd6d838b
2224 籠池通１丁目,#b19070ef
2225 籠池通２丁目,#a48c87eb
2226 中島通４丁目,#ae9271fb
2227 籠池通３丁目,#ad8a7dc4
2228 籠池通４丁目,#bc8b64a8
2229 中尾町,#aa7a907f
2230 野崎通１丁目,#9f9e777d
2231 熊内町８丁目,#a889859b
2232 熊内町５丁目,#a878947b
2233 熊内町９丁目,#b57984be
2234 籠池通５丁目,#cb8154fc
2235 籠池通６丁目,#aea752ff
2236 野崎通２丁目,#93b06eca
2237 上筒井通１丁目,#a97e8eb8
2238 野崎通３丁目,#a1b64ac8
2239 籠池通７丁目,#b1738ec9
2240 野崎通４丁目,#a4ad58fd
2241 熊内町６丁目,#929b8c9b
2242 野崎通５丁目,#a3b44dff
2243 上筒井通２丁目,#899699f9
2244 野崎通６丁目,#a6a465ff
2245 上筒井通３丁目,#89b277f4
2246 上筒井通４丁目,#90bd5cd6
2247 野崎通７丁目,#af8b79ff
2248 上筒井通５丁目,#a1b845bd
2249 坂口通１丁目,#c18266ff
2250 上筒井通６丁目,#a2b154cb
2251 熊内町１丁目,#a28a8b8b
2252 坂口通２丁目,#a99872ff
2253 上筒井通７丁目,#b19864c1
2254 坂口通３丁目,#8caf78ff
2255 熊内町２丁目,#a28f858d
2256 宮本通１丁目,#d77740bd
2257 熊内町７丁目,#7ca199b9
2258 坂口通４丁目,#86bc6bff
2259 宮本通２丁目,#d67d37c1
2260 坂口通５丁目,#9caa6aff
2261 熊内町３丁目,#85a19198
2262 宮本通３丁目,#b89162d7
2263 坂口通６丁目,#9dac66ff
2264 宮本通４丁目,#aa9674d5
2265 熊内町４丁目,#7caa8f83
2266 坂口通７丁目,#af966cf9
2267 宮本通５丁目,#ae8e77b9
2268 大日通１丁目,#d67050ff
2269 加納町１丁目,#71c17881
2270 宮本通６丁目,#a0a868c3
2271 熊内橋通１丁目,#b89162ce
2272 大日通２丁目,#c3786eff
2273 宮本通７丁目,#b39f56c0
2274 割塚通１丁目,#61c088cf
2275 熊内橋通２丁目,#ad887fff
2276 大日通３丁目,#9b8796ff
2277 熊内橋通３丁目,#a38390ec
2278 生田町１丁目,#63bd8b8b
2279 大日通４丁目,#978b96ff
2280 割塚通２丁目,#78bf76d5
2281 熊内橋通４丁目,#ae966cf3
2282 旗塚通１丁目,#b0a255ca
2283 大日通５丁目,#a48989ff
2284 割塚通３丁目,#62c382ff
2285 大日通６丁目,#9ba870ff
2286 熊内橋通５丁目,#9ba375dd
2287 脇浜町１丁目,#7dc06e59
2288 割塚通４丁目,#a6a85dff
2289 旗塚通２丁目,#ae956eff
2290 大日通７丁目,#af9d61ff
2291 割塚通５丁目,#a0b54ffb
2292 旗塚通３丁目,#a39083f5
2293 熊内橋通６丁目,#80b47ef4
2294 割塚通６丁目,#a5a465ff
2295 神若通１丁目,#b29e59ef
2296 熊内橋通７丁目,#69ba8ad4
2297 旗塚通４丁目,#c59637f0
2298 北野町１丁目,#70be7e68
2299 割塚通７丁目,#5fbe8cfb
2300 旗塚通５丁目,#aea15bda
2301 神若通２丁目,#bb8f61ff
2302 筒井町１丁目,#85cc498e
2303 国香通１丁目,#9da571ff
2304 神若通３丁目,#b28878ff
2305 筒井町２丁目,#98ab6f90
2306 旗塚通６丁目,#8bbd63f2
2307 布引町１丁目,#56ca80ff
2308 筒井町３丁目,#69c08186
2309 神若通４丁目,#9ab854ff
2310 旗塚通７丁目,#62cc74e4
2311 若菜通１丁目,#68ac9bff
2312 加納町２丁目,#6dcb6c7f
2313 国香通２丁目,#a4a06eff
2314 北野町２丁目,#6db8896e
2315 神若通５丁目,#87bf63ec
2316 脇浜町２丁目,#84ca4f64
2317 東雲通１丁目,#6fb789b1
2318 国香通３丁目,#b58775f6
2319 生田町２丁目,#56cf77a1
2320 神若通６丁目,#6ad45cff
2321 若菜通２丁目,#73b38aff
2322 国香通４丁目,#75bf78f3
2323 神若通７丁目,#64cd70da
2324 布引町２丁目,#64c183b6
2325 東雲通２丁目,#82b875d6
2326 国香通５丁目,#80b976e0
2327 若菜通３丁目,#a6aa5aff
2328 生田町３丁目,#70ba84c1
2329 国香通６丁目,#76c46ff8
2330 北野町３丁目,#75b18c7a
2331 東雲通３丁目,#b69e51ed
2332 脇浜海岸通２丁目,#69a7a052
2333 若菜通４丁目,#6cbd84ff
2334 八雲通１丁目,#74b983e9
2335 若菜通５丁目,#81bc70e5
2336 生田町４丁目,#87af7ecb
2337 脇浜町３丁目,#77cc5f6b
2338 二宮町１丁目,#8eab7b7d
2339 東雲通４丁目,#d37451ff
2340 国香通７丁目,#8fbd5bff
2341 八雲通２丁目,#86ba6dff
2342 若菜通６丁目,#7ac764aa
2343 日暮通１丁目,#71c178dd
2344 北野町４丁目,#6eac976e
2345 八雲通３丁目,#9cb15fff
2346 東雲通５丁目,#b88e67ff
2347 二宮町２丁目,#92a97aa8
2348 日暮通２丁目,#8ac15bec
2349 八雲通４丁目,#c0944dff
2350 二宮町３丁目,#9a9d809f
2351 吾妻通１丁目,#6ac17edb
2352 日暮通３丁目,#97ba56fb
2353 八雲通５丁目,#aa9870f4
2354 脇浜海岸通１丁目,#6aa2a550
2355 東雲通６丁目,#a3a667ff
2356 二宮町４丁目,#9ca96c9e
2357 山本通１丁目,#66c1829b
2358 日暮通４丁目,#bc994ef7
2359 吾妻通２丁目,#96b75ee3
2360 八雲通６丁目,#b88d68d2
2361 日暮通５丁目,#9e9f78e0
2362 北本町通１丁目,#54cf7adc
2363 吾妻通３丁目,#9ab163f3
2364 山本通２丁目,#71b48c7c
2365 琴ノ緒町１丁目,#9f9b7bb7
2366 山本通３丁目,#6eb48e6a
2367 旭通１丁目,#89a885d2
2368 日暮通６丁目,#b08e74cf
2369 吾妻通４丁目,#a7a464ea
2370 北本町通２丁目,#8cb76cdc
2371 旭通２丁目,#8ba884bf
2372 中山手通１丁目,#62c48073
2373 加納町３丁目,#6fc77096
2374 琴ノ緒町２丁目,#8ba389b2
2375 吾妻通５丁目,#b09a63d1
2376 布引町３丁目,#6ebf7eff
2377 北本町通３丁目,#da7b2ef7
2378 南本町通１丁目,#47ca8aff
2379 脇浜海岸通３丁目,#74b38a60
2380 吾妻通６丁目,#cf7757c5
2381 琴ノ緒町３丁目,#87ab83be
2382 旭通３丁目,#5fb29bca
2383 北本町通４丁目,#d07b4ef8
2384 南本町通２丁目,#c5756ef7
2385 諏訪山町,#7fa69163
2386 琴ノ緒町４丁目,#97b068b8
2387 北本町通５丁目,#d67b3eeb
2388 雲井通１丁目,#bd826ef2
2389 南本町通３丁目,#e46b25f8
2390 琴ノ緒町５丁目,#ba9952a9
2391 山本通４丁目,#6aac9a58
2392 中山手通２丁目,#69b88d6d
2393 旭通４丁目,#56b79aed
2394 雲井通２丁目,#93a182dd
2395 南本町通４丁目,#d97341e3
2396 北本町通６丁目,#db713edf
2397 脇浜海岸通４丁目,#75b18c6a
2398 雲井通３丁目,#59b699d2
2399 南本町通５丁目,#e17024ed
2400 加納町４丁目,#8fbf588f
2401 再度筋町,#969d8473
2402 布引町４丁目,#9ab659c7
2403 小野柄通１丁目,#d67d38ff
2404 旭通５丁目,#5ebe8dff
2405 雲井通４丁目,#4cbd99d0
2406 南本町通６丁目,#e76227d4
2407 小野柄通２丁目,#66b88ff2
2409 真砂通１丁目,#e46b25ff
2410 中山手通３丁目,#6cb88b85
2411 雲井通５丁目,#40bc9fe3
2412 小野柄通３丁目,#4ebb9af3
2413 御幸通１丁目,#cd7c56ff
2414 下山手通１丁目,#6dc27ba9
2415 雲井通６丁目,#bbac00ee
2416 真砂通２丁目,#da743bc8
2417 御幸通２丁目,#6bcc6be9
2418 中山手通４丁目,#68b39470
2419 小野柄通４丁目,#36c598ff
2420 雲井通７丁目,#adbb00ff
2421 御幸通３丁目,#6bce67e7
2422 磯上通１丁目,#93a37ff0
2423 雲井通８丁目,#d4891fd4
2424 小野柄通５丁目,#cc9228ff
2425 北長狭通１丁目,#9bbe4295
2426 磯上通２丁目,#64d168c7
2427 御幸通４丁目,#71d74ae9
2428 下山手通２丁目,#6db78b90
2429 小野浜町,#1ab2b32f
2430 小野柄通６丁目,#c79e06ff
2431 山本通５丁目,#6cb48f7f
2432 磯上通３丁目,#63cf6dc9
2433 小野柄通７丁目,#b6b204ff
2434 御幸通５丁目,#afb61eff
2435 加納町５丁目,#b2758bff
2436 御幸通６丁目,#d78706ff
2437 浜辺通１丁目,#97cb1ce0
2438 小野柄通８丁目,#00000000
2439 磯上通４丁目,#73d157c2
2440 下山手通３丁目,#6fc07c98
2441 三宮町１丁目,#b475886e
2442 中山手通５丁目,#51bb9791
2443 御幸通７丁目,#b6b204ef
2444 磯上通５丁目,#93c837ff
2445 下山手通４丁目,#5bc1896c
2446 中山手通７丁目,#ad9c664f
2447 北長狭通２丁目,#8bb570ad
2448 御幸通８丁目,#b2758bdb
2449 浜辺通２丁目,#72d450a8
2450 磯上通６丁目,#da753bff
2451 中山手通６丁目,#4db99d78
2452 八幡通２丁目,#75d54aa8
2453 八幡通１丁目,#6ee323ff
2454 磯上通７丁目,#d67744ff
2455 北長狭通３丁目,#81c167a0
2456 磯上通８丁目,#b1748dc6
2457 三宮町２丁目,#ce7a5494
2458 下山手通５丁目,#5cc1897b
2459 八幡通３丁目,#82af83c7
2460 北長狭通４丁目,#5ec58281
2461 磯辺通１丁目,#50d86ce9
2462 加納町６丁目,#9198906f
2463 浜辺通３丁目,#48df62a3
2464 八幡通４丁目,#a8838abc
2465 三宮町３丁目,#d07a4fa5
2466 磯辺通２丁目,#68d45ede
2467 江戸町,#a08195ae
2468 下山手通６丁目,#7abe75a8
2469 磯辺通３丁目,#57c686c3
2470 京町,#6fc17b8d
2471 元町高架通,#65bf8691
2472 浪花町,#71d454a7
2473 元町通１丁目,#bc905c9e
2474 磯辺通４丁目,#95968d9c
2475 東町,#a08195e9
2476 花隈町,#8bb76d65
2477 北長狭通５丁目,#66c083a2
2478 浜辺通４丁目,#50d178db
2479 明石町,#9bbe44a8
2480 元町通２丁目,#88b870b0
2481 下山手通７丁目,#a3ab5f76
2482 楠町８丁目,#c08762a7
2483 中山手通８丁目,#ca9135a4
2484 浜辺通５丁目,#39d87ad1
2485 播磨町,#45e162de
2486 伊藤町,#4ea4b2cf
2487 元町通３丁目,#71af928c
2488 浜辺通６丁目,#929a8b96
2489 西町,#bf6983ff
2490 栄町通１丁目,#7bbf72b3
2491 北長狭通６丁目,#81b37ed4
2492 栄町通２丁目,#6dba87c5
2493 元町通４丁目,#58c685af
2494 楠町７丁目,#bd8b625b
2495 下山手通８丁目,#aba5596d
2496 前町,#46d479ff
2497 栄町通３丁目,#58c685ae
2498 海岸通,#a180957d
2499 下山手通９丁目,#d48235a7
2500 海岸通１丁目,#65c47ed8
2501 海岸通２丁目,#60b19bec
2502 栄町通４丁目,#50cd80de
2503 元町通５丁目,#4ed37793
2504 新港町,#97958d3d
2505 海岸通３丁目,#53cc7ecd
2506 波止場町,#53e15443
2507 海岸通４丁目,#4bd378d1
2508 北長狭通７丁目,#99a07ecc
2509 楠町１丁目,#b294699b
2510 栄町通５丁目,#3ee45ef0
2511 楠町３丁目,#b5906ab5
2512 海岸通５丁目,#54e44be0
2513 元町通６丁目,#40d57b90
2514 楠町４丁目,#91b07176
2515 北長狭通８丁目,#a49977ca
2516 楠町６丁目,#d0785387
2517 楠町２丁目,#aaa65bd2
2518 栄町通６丁目,#48dc69ba
2519 橘通１丁目,#af976aef
2520 海岸通６丁目,#5be14cfa
2521 元町通７丁目,#38c892ff
2522 橘通２丁目,#aa9f65ba
2523 楠町５丁目,#8cad7ac7
2524 相生町１丁目,#43c691a4
2525 港島４丁目,#af946f40
2526 多聞通１丁目,#98918fff
2527 弁天町,#60cc76bd
2528 多聞通３丁目,#b1986483
2529 栄町通７丁目,#43cb8ad1
2530 多聞通２丁目,#7ba299da
2531 橘通３丁目,#af8084d9
2532 東川崎町１丁目,#8ab57142
2533 相生町２丁目,#51aca9d8
2534 橘通４丁目,#84a988e2
2535 港島３丁目,#af946f54
2536 港島５丁目,#00000000
2537 相生町３丁目,#58ada49e
2538 多聞通４丁目,#98a27bff
2539 多聞通５丁目,#86a092d7
2540 中町通２丁目,#80ad87db
2541 中町通３丁目,#92b467c6
2542 中町通４丁目,#69c27ed3
2543 相生町４丁目,#6dc47891
2544 古湊通１丁目,#6dc674f0
2545 港島２丁目,#7ea29652
2546 港島６丁目,#9e8f8a40
2547 古湊通２丁目,#66c976c9
2548 港島中町１丁目,#bf7e6e4e
2549 相生町５丁目,#87b07c8f
2550 東川崎町２丁目,#49b1a742
2551 東川崎町７丁目,#90b863b9
2552 東川崎町６丁目,#aaa063bd
2553 東川崎町５丁目,#9aa970c8
2554 東川崎町３丁目,#7bb4839d
2555 東川崎町４丁目,#91a67fc0
2556 港島７丁目,#00000000
2557 港島中町２丁目,#c178715b
2558 港島中町４丁目,#b97d7a51
2559 港島中町３丁目,#c1787149
2560 港島１丁目,#0583da34
2561 港島８丁目,#0029fb30
2562 港島中町７丁目,#c173765f
2563 港島中町６丁目,#c1737740
2564 港島中町５丁目,#9873a95f
2565 港島中町８丁目,#9873a940
2566 港島南町１丁目,#0029fb4a
2567 港島９丁目,#00000000
2568 港島南町２丁目,#0029fb60
2569 港島南町３丁目,#0029fb47
2570 港島南町６丁目,#00000000
2571 港島南町５丁目,#00000000
2572 港島南町４丁目,#00000000
2573 港島南町７丁目,#00000000
2574 神戸空港,#00000000
2575 神出町勝成,#ea385243
2576 神出町小束野,#e23e6229
2577 神出町古神,#e83a572a
2578 押部谷町西盛,#c9607b37
2579 押部谷町福住,#e042662d
2580 神出町五百蔵,#e3455b36
2581 押部谷町栄,#d2715728
2582 北山台２丁目,#d7880a60
2583 北山台３丁目,#f14b1c54
2584 月が丘３丁目,#8f3bca5e
2585 神出町広谷,#e047622d
2586 富士見が丘５丁目,#e555477a
2587 北山台１丁目,#ce8c3374
2588 押部谷町西盛,#93ba5cdd
2589 月が丘６丁目,#a834b86d
2590 富士見が丘３丁目,#ec4b3887
2591 月が丘５丁目,#793ad85f
2592 月が丘２丁目,#6f4fd763
2593 月が丘４丁目,#6640e06f
2594 高雄台,#b8945d5e
2595 富士見が丘４丁目,#d9576480
2596 富士見が丘２丁目,#ee4c316e
2597 美穂が丘５丁目,#ee384687
2598 神出町東,#db486a25
2599 美穂が丘４丁目,#eb48427b
2600 押部谷町西盛,#e0693831
2601 富士見が丘１丁目,#d95a6074
2602 美穂が丘３丁目,#ef413883
2603 月が丘７丁目,#bc3f9f86
2604 押部谷町木幡,#e35f402e
2605 美穂が丘２丁目,#fc210982
2606 押部谷町押部,#d970462c
2607 押部谷町木津,#6c92b225
2608 月が丘１丁目,#7c49d25f
2609 美穂が丘１丁目,#f23f2d87
2610 押部谷町細田,#e5445828
2611 神出町紫合,#d6516e2c
2612 神出町北,#d150792d
2613 桜が丘東町１丁目,#ef580074
2614 桜が丘中町１丁目,#e2740e87
2615 桜が丘西町１丁目,#e36e2469
2616 桜が丘東町２丁目,#ed5c0b69
2617 神出町田井,#d358702a
2618 桜が丘中町２丁目,#ea630d5b
2619 神出町南,#c859812c
2620 桜が丘東町３丁目,#f543075b
2621 秋葉台２丁目,#ef4d2657
2622 桜が丘西町２丁目,#e076145a
2623 押部谷町近江,#d6616133
2624 秋葉台３丁目,#ef502460
2625 桜が丘東町４丁目,#f2452465
2626 桜が丘西町３丁目,#eb5f105a
2627 見津が丘２丁目,#3b99c24a
2628 見津が丘１丁目,#3b99c23d
2629 押部谷町木見,#b3748a27
2630 押部谷町高和,#da506725
2631 神出町宝勢,#d9556625
2632 桜が丘中町４丁目,#ea513b7e
2633 秋葉台１丁目,#ed453d53
2634 桜が丘東町５丁目,#eb474166
2635 桜が丘西町４丁目,#e5584265
2636 神出町池田,#da595f3d
2637 見津が丘３丁目,#2498c93a
2638 桜が丘中町５丁目,#b152a27e
2639 押部谷町和田,#c4677c2d
2640 桜が丘西町５丁目,#a355af6d
2641 桜が丘東町６丁目,#d24c7a6a
2642 高塚台,#af8a7a27
2643 桜が丘中町６丁目,#6f4dd77d
2644 桜が丘西町６丁目,#6450dcb5
2645 櫨谷町寺谷,#7353d322
2646 見津が丘４丁目,#4794c242
2647 押部谷町養田,#c463803d
2648 平野町黒田,#cb5b7b2f
2649 岩岡町岩岡,#d1656724
2650 平野町堅田,#9c3ac033
2651 岩岡町野中,#d068682b
2652 狩場台１丁目,#ce4f7e45
2653 平野町西戸田,#dd4d6428
2654 平野町常本,#dc456a32
2655 美賀多台９丁目,#5444e64f
2656 狩場台５丁目,#c179705a
2657 岩岡町古郷,#ae729326
2658 櫨谷町福谷,#f1432d2d
2659 平野町繁田,#b739a738
2660 岩岡町印路,#db595d3d
2661 糀台４丁目,#c06e7e50
2662 平野町印路,#d95d5e28
2663 美賀多台８丁目,#801dd977
2664 狩場台４丁目,#cb6d6c5f
2665 狩場台３丁目,#e7475057
2666 美賀多台１丁目,#5e5ed85a
2667 美賀多台７丁目,#6228e75f
2668 糀台５丁目,#6872ca48
2669 美賀多台５丁目,#9b39c154
2670 狩場台２丁目,#d64b735c
2671 美賀多台２丁目,#624fdd57
2672 櫨谷町友清,#e0585227
2673 糀台３丁目,#c4687d4a
2674 美賀多台６丁目,#7434dc73
2675 糀台２丁目,#aa78924d
2676 福吉台１丁目,#d3695f55
2677 竹の台６丁目,#6c64cf61
2678 糀台１丁目,#bc4e9859
2679 美賀多台３丁目,#9b2fc45f
2680 福吉台２丁目,#d66e5262
2681 竹の台５丁目,#825ac74b
2682 伊川谷町布施畑,#a263a923
2683 平野町大畑,#d031893e
2684 美賀多台４丁目,#c43f9564
2685 櫨谷町池谷,#32e85b30
2686 上新地３丁目,#7080bc54
2687 糀台６丁目,#995ab64f
2688 春日台９丁目,#d73c7a4b
2689 竹の台１丁目,#9274ad4d
2690 平野町宮前,#b937a535
2691 竹の台２丁目,#9070b154
2692 上新地２丁目,#8e62bb59
2693 伊川谷町前開,#4397c123
2694 竜が岡５丁目,#869d9551
2695 竜が岡４丁目,#7da19763
2696 竹の台４丁目,#ce2c8e66
2697 上新地１丁目,#9c69aa65
2698 春日台１丁目,#a541b66a
2699 井吹台東町７丁目,#23e66637
2700 竜が岡３丁目,#849c9760
2701 春日台８丁目,#9846bf5e
2702 岩岡町古郷,#c76f71ff
2703 樫野台６丁目,#a73bb75d
2704 春日台２丁目,#9049c459
2705 竹の台３丁目,#c64a8d56
2706 竜が岡１丁目,#8c8aa155
2707 櫨谷町長谷,#5cc18932
2708 春日台７丁目,#9234ca4f
2709 竜が岡２丁目,#519bb863
2710 樫野台１丁目,#814ecd4e
2711 樫野台５丁目,#7c3fd54e
2712 井吹台北町４丁目,#29cc9253
2713 井吹台北町３丁目,#00f73e5e
2714 井吹台東町５丁目,#2bc49c4b
2715 春日台４丁目,#636bd05f
2716 岩岡町西脇,#61a2aa34
2717 岩岡町西脇,#35b1afd6
2718 春日台３丁目,#6b44dd6a
2719 櫨谷町栃木,#9c6ea836
2720 大沢１丁目,#478fc65c
2721 樫野台３丁目,#684fda51
2722 大沢２丁目,#5998b87f
2723 伊川谷町井吹,#e55f3850
2724 井吹台東町６丁目,#20db7d5f
2725 井吹台北町２丁目,#1fdd7a4f
2726 室谷２丁目,#e5613541
2727 井吹台北町１丁目,#38c79451
2728 室谷１丁目,#e5613539
2729 平野町下村,#4e81cd3f
2730 春日台６丁目,#3a78d956
2731 樫野台４丁目,#437ad494
2732 井吹台東町１丁目,#36b8a749
2733 樫野台２丁目,#9069b56c
2734 春日台５丁目,#4693c34c
2735 平野町中津,#9f819627
2736 櫨谷町谷口,#2f60e730
2737 井吹台東町４丁目,#2eb7aa5d
2738 櫨谷町菅野,#59a3ad2d
2739 井吹台西町１丁目,#4374d843
2740 井吹台東町３丁目,#595fda54
2741 平野町福中,#d4764d47
2742 平野町向井,#3ad57f37
2743 伊川谷町井吹,#405be529
2744 井吹台東町２丁目,#5548e562
2745 井吹台西町２丁目,#4e55e260
2746 櫨谷町松本,#9a6cab2c
2747 平野町芝崎,#d76b543b
2748 井吹台西町３丁目,#2650ef57
2749 井吹台西町４丁目,#2754ed4c
2750 平野町慶明,#b15d9d3f
2751 井吹台西町５丁目,#123af751
2752 平野町大野,#7281bb4e
2753 井吹台西町６丁目,#1a41f44e
2754 宮下３丁目,#5a68d663
2755 天が岡,#7b7bb953
2756 伊川谷町上脇,#5db29c2b
2757 玉津町田中,#6281c359
2758 宮下２丁目,#547dcc64
2759 伊川谷町別府,#5e94b82e
2760 前開南町１丁目,#58c38959
2761 長畑町,#67aa9f59
2762 学園東町４丁目,#2aa3be3d
2763 伊川谷町潤和,#5fb09d39
2764 学園西町３丁目,#4a97bf47
2765 宮下１丁目,#618cbc5b
2766 玉津町二ツ屋,#5b97b739
2767 玉津町小山,#b13eabff
2768 玉津町居住,#5bbd904a
2769 玉津町水谷,#61aaa23b
2770 二ッ屋１丁目,#49b4a45a
2771 学園西町４丁目,#5c82c65a
2772 玉津町田中,#6fab9758
2773 玉津町小山,#2cbea37e
2774 前開南町２丁目,#37a8b76d
2775 学園東町３丁目,#44a1b95f
2776 玉津町小山,#3bd3815e
2777 玉津町二ツ屋字桜井東山,#17c89cad
2778 伊川谷町小寺,#5a9ab536
2779 小山１丁目,#21d18d61
2780 小山２丁目,#4dd47565
2781 学園西町２丁目,#70b68a60
2782 学園西町５丁目,#769ca258
2783 学園東町２丁目,#6dad9765
2784 学園東町５丁目,#2fb0b158
2785 学園西町６丁目,#777cbc4e
2786 学園西町１丁目,#879f906e
2787 学園東町１丁目,#9da67060
2788 小山３丁目,#20dd7964
2789 丸塚１丁目,#12dd7c57
2790 二ッ屋２丁目,#32c29c64
2791 学園西町７丁目,#808fa652
2792 学園東町６丁目,#969a8855
2793 水谷３丁目,#46b7a265
2794 学園東町８丁目,#76d64645
2795 伊川谷町長坂,#4aa4b429
2796 学園東町９丁目,#799ba259
2797 玉津町今津,#53ba9833
2798 玉津町出合,#71a49e3d
2799 水谷１丁目,#49b7a164
2800 中野２丁目,#bb4f9960
2801 学園西町８丁目,#7b8fab41
2802 玉津町高津橋,#56c38b32
2803 丸塚２丁目,#3ac6955d
2804 水谷２丁目,#54ba985c
2805 学園東町７丁目,#a5a26b49
2806 中野１丁目,#aa7a905c
2807 天王山,#868ca45b
2808 玉津町水谷,#47cd858c
2809 北別府５丁目,#4ac4904d
2810 北別府２丁目,#359ac36a
2811 白水１丁目,#36d1864c
2812 池上５丁目,#53aaaa6c
2813 王塚台４丁目,#a680906e
2814 和井取,#24db7b78
2815 池上４丁目,#429fbb4f
2816 北別府４丁目,#45a5b552
2817 王塚台５丁目,#96958d66
2818 池上２丁目,#3782d44a
2819 北別府３丁目,#3aa0bd55
2820 北別府１丁目,#1e9ec55a
2821 王塚台６丁目,#7ba69472
2822 池上１丁目,#2670e160
2823 池上３丁目,#3086d261
2824 王塚台３丁目,#bc7b776e
2825 王塚台７丁目,#86a9866f
2826 持子３丁目,#69ad9a75
2827 南別府１丁目,#27b7ac59
2828 王塚台１丁目,#bd797765
2829 白水２丁目,#4dc68b54
2830 曙町,#978f9353
2831 南別府２丁目,#28a5bd5e
2832 王塚台２丁目,#af8c7775
2833 持子２丁目,#b67b8071
2834 大津和２丁目,#1470e35d
2835 南別府３丁目,#40a0bb66
2836 南別府４丁目,#4fa7ae4c
2837 持子１丁目,#78a89468
2838 白水３丁目,#88b57374
2839 伊川谷町潤和,#9aa17a2e
2840 大津和１丁目,#3e8dca61
2841 玉津町西河原,#8e9b8f44
2842 大津和３丁目,#3880d56e
2843 伊川谷町有瀬,#7e92a62c
2844 今寺,#5499b84b
2845 伊川谷町有瀬,#608ebcff
2846 枝吉３丁目,#b4827b73
2847 伊川谷町有瀬,#608ebcff
2848 南別府５丁目,#a09c796d
2849 枝吉４丁目,#97938d64
2850 伊川谷町別府,#6c9fa745
2851 伊川谷町有瀬,#608ebcff
2852 枝吉５丁目,#ac81876c
2853 森友４丁目,#cd6d6764
2854 森友５丁目,#64ba8d64
2855 伊川谷町有瀬,#608ebcff
2856 伊川谷町有瀬,#6997af3c
2857 枝吉２丁目,#d8695569
2858 玉津町新方,#b9886d39
2859 伊川谷町有瀬,#608ebcff
2860 森友２丁目,#e7583b74
2861 森友３丁目,#6ab4916e
2862 伊川谷町有瀬,#5c97b7ff
2863 枝吉１丁目,#ed4f315a
2864 森友１丁目,#e2693353
2865 玉津町森友,#b78b6d9b
2866 森友１丁目,#54bc95ff
2867 玉津町上池,#ea503a48
2868 玉津町吉田,#5de148c8